Date,Time,Event,Risk,Status
06-07-2026,19:09:53,Detection,40,MEDIUM
06-07-2026,19:09:53,Detection,40,MEDIUM
06-07-2026,19:09:53,Detection,40,MEDIUM
06-07-2026,19:09:53,Detection,40,MEDIUM
06-07-2026,19:09:54,Detection,40,MEDIUM
06-07-2026,19:09:54,Detection,40,MEDIUM
06-07-2026,19:09:54,Detection,40,MEDIUM
06-07-2026,19:09:54,Detection,40,MEDIUM
06-07-2026,19:09:54,Detection,40,MEDIUM
06-07-2026,19:09:54,Detection,40,MEDIUM
06-07-2026,19:09:54,Detection,40,MEDIUM
06-07-2026,19:09:54,Detection,40,MEDIUM
06-07-2026,19:09:54,Detection,40,MEDIUM
06-07-2026,19:09:54,Detection,40,MEDIUM
06-07-2026,19:09:54,Detection,40,MEDIUM
06-07-2026,19:09:54,Detection,40,MEDIUM
06-07-2026,19:09:54,Detection,40,MEDIUM
06-07-2026,19:09:54,Detection,40,MEDIUM
06-07-2026,19:09:55,Detection,40,MEDIUM
06-07-2026,19:09:55,Detection,40,MEDIUM
06-07-2026,19:09:55,Detection,40,MEDIUM
06-07-2026,19:09:55,Detection,40,MEDIUM
06-07-2026,19:09:55,Detection,40,MEDIUM
06-07-2026,19:09:55,Detection,40,MEDIUM
06-07-2026,19:09:55,Detection,40,MEDIUM
06-07-2026,19:09:55,Detection,40,MEDIUM
06-07-2026,19:09:55,Detection,40,MEDIUM
06-07-2026,19:09:55,Detection,40,MEDIUM
06-07-2026,19:09:55,Detection,40,MEDIUM
06-07-2026,19:09:55,Detection,40,MEDIUM
06-07-2026,19:09:55,Detection,40,MEDIUM
06-07-2026,19:09:55,Detection,40,MEDIUM
06-07-2026,19:09:55,Detection,40,MEDIUM
06-07-2026,19:09:56,Detection,40,MEDIUM
06-07-2026,19:09:56,Detection,40,MEDIUM
06-07-2026,19:09:56,Detection,40,MEDIUM
06-07-2026,19:09:56,Detection,40,MEDIUM
06-07-2026,19:09:56,Detection,40,MEDIUM
06-07-2026,19:09:56,Detection,40,MEDIUM
06-07-2026,19:09:56,Detection,40,MEDIUM
06-07-2026,19:09:56,Detection,40,MEDIUM
06-07-2026,19:09:56,Detection,40,MEDIUM
06-07-2026,19:09:56,Detection,40,MEDIUM
06-07-2026,19:09:56,Detection,40,MEDIUM
06-07-2026,19:09:56,Detection,40,MEDIUM
06-07-2026,19:09:56,Detection,40,MEDIUM
06-07-2026,19:09:56,Detection,40,MEDIUM
06-07-2026,19:09:56,Detection,40,MEDIUM
06-07-2026,19:09:56,Detection,40,MEDIUM
06-07-2026,19:09:57,Detection,40,MEDIUM
06-07-2026,19:09:57,Detection,40,MEDIUM
06-07-2026,19:09:57,Detection,40,MEDIUM
06-07-2026,19:09:57,Detection,40,MEDIUM
06-07-2026,19:09:57,Detection,40,MEDIUM
06-07-2026,19:09:57,Detection,40,MEDIUM
06-07-2026,19:09:57,Detection,40,MEDIUM
06-07-2026,19:09:57,Detection,40,MEDIUM
06-07-2026,19:09:57,Detection,40,MEDIUM
06-07-2026,19:09:57,Detection,40,MEDIUM
06-07-2026,19:09:57,Detection,40,MEDIUM
06-07-2026,19:09:57,Detection,40,MEDIUM
06-07-2026,19:09:57,Detection,40,MEDIUM
06-07-2026,19:09:57,Detection,40,MEDIUM
06-07-2026,19:09:57,Detection,40,MEDIUM
06-07-2026,19:09:58,Detection,40,MEDIUM
06-07-2026,19:09:58,Detection,40,MEDIUM
06-07-2026,19:09:58,Detection,40,MEDIUM
06-07-2026,19:09:58,Detection,40,MEDIUM
06-07-2026,19:09:58,Detection,40,MEDIUM
06-07-2026,19:09:58,Detection,40,MEDIUM
06-07-2026,19:09:58,Detection,40,MEDIUM
06-07-2026,19:09:58,Detection,40,MEDIUM
06-07-2026,19:09:58,Detection,40,MEDIUM
06-07-2026,19:09:58,Detection,40,MEDIUM
06-07-2026,19:09:58,Detection,40,MEDIUM
06-07-2026,19:09:58,Detection,40,MEDIUM
06-07-2026,19:09:58,Detection,40,MEDIUM
06-07-2026,19:09:58,Detection,40,MEDIUM
06-07-2026,19:09:58,Detection,40,MEDIUM
06-07-2026,19:09:59,Detection,40,MEDIUM
06-07-2026,19:09:59,Detection,40,MEDIUM
06-07-2026,19:09:59,Detection,40,MEDIUM
06-07-2026,19:09:59,Detection,40,MEDIUM
06-07-2026,19:09:59,Detection,40,MEDIUM
06-07-2026,19:09:59,Detection,40,MEDIUM
06-07-2026,19:09:59,Detection,40,MEDIUM
06-07-2026,19:09:59,Detection,40,MEDIUM
06-07-2026,19:09:59,Detection,40,MEDIUM
06-07-2026,19:09:59,Detection,40,MEDIUM
06-07-2026,19:09:59,Detection,40,MEDIUM
06-07-2026,19:09:59,Detection,40,MEDIUM
06-07-2026,19:09:59,Detection,40,MEDIUM
06-07-2026,19:10:00,Detection,40,MEDIUM
06-07-2026,19:10:00,Detection,40,MEDIUM
06-07-2026,19:10:00,Detection,40,MEDIUM
06-07-2026,19:10:00,Detection,40,MEDIUM
06-07-2026,19:10:00,Detection,40,MEDIUM
06-07-2026,19:10:00,Detection,40,MEDIUM
06-07-2026,19:10:00,Detection,40,MEDIUM
06-07-2026,19:10:00,Detection,40,MEDIUM
06-07-2026,19:10:00,Detection,40,MEDIUM
06-07-2026,19:10:00,Detection,40,MEDIUM
06-07-2026,19:10:00,Detection,40,MEDIUM
06-07-2026,19:10:00,Detection,40,MEDIUM
06-07-2026,19:10:00,Detection,40,MEDIUM
06-07-2026,19:10:00,Detection,40,MEDIUM
06-07-2026,19:10:00,Detection,40,MEDIUM
06-07-2026,19:10:01,Detection,40,MEDIUM
06-07-2026,19:10:01,Detection,40,MEDIUM
06-07-2026,19:10:01,Detection,40,MEDIUM
06-07-2026,19:10:01,Detection,40,MEDIUM
06-07-2026,19:10:01,Detection,40,MEDIUM
06-07-2026,19:10:01,Detection,40,MEDIUM
06-07-2026,19:10:01,Detection,40,MEDIUM
06-07-2026,19:10:01,Detection,40,MEDIUM
06-07-2026,19:10:01,Detection,40,MEDIUM
06-07-2026,19:10:01,Detection,40,MEDIUM
06-07-2026,19:10:01,Detection,40,MEDIUM
06-07-2026,19:10:01,Detection,40,MEDIUM
06-07-2026,19:10:01,Detection,40,MEDIUM
06-07-2026,19:10:01,Detection,40,MEDIUM
06-07-2026,19:10:02,Detection,40,MEDIUM
06-07-2026,19:10:02,Detection,40,MEDIUM
06-07-2026,19:10:02,Detection,40,MEDIUM
06-07-2026,19:10:02,Detection,40,MEDIUM
06-07-2026,19:10:02,Detection,40,MEDIUM
06-07-2026,19:10:02,Detection,40,MEDIUM
06-07-2026,19:10:02,Detection,40,MEDIUM
06-07-2026,19:10:02,Detection,40,MEDIUM
06-07-2026,19:10:02,Detection,40,MEDIUM
06-07-2026,19:10:02,Detection,40,MEDIUM
06-07-2026,19:10:02,Detection,40,MEDIUM
06-07-2026,19:10:02,Detection,40,MEDIUM
06-07-2026,19:10:02,Detection,40,MEDIUM
06-07-2026,19:10:02,Detection,40,MEDIUM
06-07-2026,19:10:03,Detection,40,MEDIUM
06-07-2026,19:10:03,Detection,40,MEDIUM
06-07-2026,19:10:03,Detection,40,MEDIUM
06-07-2026,19:10:03,Detection,40,MEDIUM
06-07-2026,19:10:03,Detection,40,MEDIUM
06-07-2026,19:10:03,Detection,40,MEDIUM
06-07-2026,19:10:03,Detection,40,MEDIUM
06-07-2026,19:10:03,Detection,40,MEDIUM
06-07-2026,19:10:03,Detection,40,MEDIUM
06-07-2026,19:10:03,Detection,40,MEDIUM
06-07-2026,19:10:03,Detection,40,MEDIUM
06-07-2026,19:10:03,Detection,40,MEDIUM
06-07-2026,19:10:03,Detection,40,MEDIUM
06-07-2026,19:10:03,Detection,40,MEDIUM
06-07-2026,19:10:03,Detection,40,MEDIUM
06-07-2026,19:10:04,Detection,40,MEDIUM
06-07-2026,19:10:04,Detection,40,MEDIUM
06-07-2026,19:10:04,Detection,40,MEDIUM
06-07-2026,19:10:04,Detection,40,MEDIUM
06-07-2026,19:10:04,Detection,40,MEDIUM
06-07-2026,19:10:04,Detection,40,MEDIUM
06-07-2026,19:10:04,Detection,40,MEDIUM
06-07-2026,19:10:04,Detection,40,MEDIUM
06-07-2026,19:10:04,Detection,40,MEDIUM
06-07-2026,19:10:04,Detection,40,MEDIUM
06-07-2026,19:10:04,Detection,40,MEDIUM
06-07-2026,19:10:04,Detection,40,MEDIUM
06-07-2026,19:10:04,Detection,40,MEDIUM
06-07-2026,19:10:05,Detection,40,MEDIUM
06-07-2026,19:10:05,Detection,40,MEDIUM
06-07-2026,19:10:05,Detection,40,MEDIUM
06-07-2026,19:10:05,Detection,40,MEDIUM
06-07-2026,19:10:05,Detection,40,MEDIUM
06-07-2026,19:10:05,Detection,40,MEDIUM
06-07-2026,19:10:05,Detection,40,MEDIUM
06-07-2026,19:10:05,Detection,40,MEDIUM
06-07-2026,19:10:05,Detection,40,MEDIUM
06-07-2026,19:10:05,Detection,40,MEDIUM
06-07-2026,19:10:05,Detection,40,MEDIUM
06-07-2026,19:10:05,Detection,40,MEDIUM
06-07-2026,19:10:05,Detection,40,MEDIUM
06-07-2026,19:10:06,Detection,40,MEDIUM
06-07-2026,19:10:06,Detection,40,MEDIUM
06-07-2026,19:10:06,Detection,40,MEDIUM
06-07-2026,19:10:06,Detection,40,MEDIUM
06-07-2026,19:10:06,Detection,40,MEDIUM
06-07-2026,19:10:06,Detection,40,MEDIUM
06-07-2026,19:10:06,Detection,40,MEDIUM
06-07-2026,19:10:06,Detection,40,MEDIUM
06-07-2026,19:10:06,Detection,40,MEDIUM
06-07-2026,19:10:06,Detection,40,MEDIUM
06-07-2026,19:10:06,Detection,40,MEDIUM
06-07-2026,19:10:06,Detection,40,MEDIUM
06-07-2026,19:10:06,Detection,40,MEDIUM
06-07-2026,19:10:06,Detection,40,MEDIUM
06-07-2026,19:10:07,Detection,40,MEDIUM
06-07-2026,19:10:07,Detection,40,MEDIUM
06-07-2026,19:10:07,Detection,40,MEDIUM
06-07-2026,19:10:07,Detection,40,MEDIUM
06-07-2026,19:10:07,Detection,40,MEDIUM
06-07-2026,19:10:07,Detection,40,MEDIUM
06-07-2026,19:10:07,Detection,40,MEDIUM
06-07-2026,19:10:07,Detection,40,MEDIUM
06-07-2026,19:10:07,Detection,40,MEDIUM
06-07-2026,19:10:07,Detection,40,MEDIUM
06-07-2026,19:10:07,Detection,40,MEDIUM
06-07-2026,19:10:07,Detection,40,MEDIUM
06-07-2026,19:10:08,Detection,40,MEDIUM
06-07-2026,19:10:08,Detection,40,MEDIUM
06-07-2026,19:10:08,Detection,40,MEDIUM
06-07-2026,19:10:08,Detection,40,MEDIUM
06-07-2026,19:10:08,Detection,40,MEDIUM
06-07-2026,19:10:08,Detection,40,MEDIUM
06-07-2026,19:10:08,Detection,40,MEDIUM
06-07-2026,19:10:08,Detection,40,MEDIUM
06-07-2026,19:10:08,Detection,40,MEDIUM
06-07-2026,19:10:08,Detection,40,MEDIUM
06-07-2026,19:10:08,Detection,40,MEDIUM
06-07-2026,19:10:08,Detection,40,MEDIUM
06-07-2026,19:10:08,Detection,40,MEDIUM
06-07-2026,19:10:09,Detection,40,MEDIUM
06-07-2026,19:10:09,Detection,40,MEDIUM
06-07-2026,19:10:09,Detection,40,MEDIUM
06-07-2026,19:10:09,Detection,40,MEDIUM
06-07-2026,19:10:09,Detection,40,MEDIUM
06-07-2026,19:10:09,Detection,40,MEDIUM
06-07-2026,19:10:09,Detection,40,MEDIUM
06-07-2026,19:10:09,Detection,40,MEDIUM
06-07-2026,19:10:09,Detection,40,MEDIUM
06-07-2026,19:10:09,Detection,40,MEDIUM
06-07-2026,19:10:09,Detection,40,MEDIUM
06-07-2026,19:10:09,Detection,40,MEDIUM
06-07-2026,19:10:09,Detection,40,MEDIUM
06-07-2026,19:10:10,Detection,40,MEDIUM
06-07-2026,19:10:10,Detection,40,MEDIUM
06-07-2026,19:10:10,Detection,40,MEDIUM
06-07-2026,19:10:10,Detection,40,MEDIUM
06-07-2026,19:10:10,Detection,40,MEDIUM
06-07-2026,19:10:10,Detection,40,MEDIUM
06-07-2026,19:10:10,Detection,40,MEDIUM
06-07-2026,19:10:10,Detection,40,MEDIUM
06-07-2026,19:10:10,Detection,40,MEDIUM
06-07-2026,19:10:10,Detection,40,MEDIUM
06-07-2026,19:10:10,Detection,40,MEDIUM
06-07-2026,19:10:10,Detection,40,MEDIUM
06-07-2026,19:10:10,Detection,40,MEDIUM
06-07-2026,19:10:10,Detection,40,MEDIUM
06-07-2026,19:10:11,Detection,40,MEDIUM
06-07-2026,19:10:11,Detection,40,MEDIUM
06-07-2026,19:10:11,Detection,40,MEDIUM
06-07-2026,19:10:11,Detection,40,MEDIUM
06-07-2026,19:10:11,Detection,40,MEDIUM
06-07-2026,19:10:11,Detection,40,MEDIUM
06-07-2026,19:10:11,Detection,40,MEDIUM
06-07-2026,19:10:11,Detection,40,MEDIUM
06-07-2026,19:10:11,Detection,40,MEDIUM
06-07-2026,19:10:11,Detection,40,MEDIUM
06-07-2026,19:10:11,Detection,40,MEDIUM
06-07-2026,19:10:11,Detection,40,MEDIUM
06-07-2026,19:10:12,Detection,80,CRITICAL
06-07-2026,19:10:12,Detection,40,MEDIUM
06-07-2026,19:10:12,Detection,40,MEDIUM
06-07-2026,19:10:12,Detection,80,CRITICAL
06-07-2026,19:10:12,Detection,40,MEDIUM
06-07-2026,19:10:12,Detection,0,SAFE
06-07-2026,19:10:12,Detection,0,SAFE
06-07-2026,19:10:12,Detection,40,MEDIUM
06-07-2026,19:10:12,Detection,40,MEDIUM
06-07-2026,19:10:12,Detection,40,MEDIUM
06-07-2026,19:10:12,Detection,80,CRITICAL
06-07-2026,19:10:12,Detection,80,CRITICAL
06-07-2026,19:10:12,Detection,80,CRITICAL
06-07-2026,19:10:12,Detection,40,MEDIUM
06-07-2026,19:10:13,Detection,40,MEDIUM
06-07-2026,19:10:13,Detection,40,MEDIUM
06-07-2026,19:10:13,Detection,40,MEDIUM
06-07-2026,19:10:13,Detection,40,MEDIUM
06-07-2026,19:10:13,Detection,40,MEDIUM
06-07-2026,19:10:13,Detection,40,MEDIUM
06-07-2026,19:10:13,Detection,40,MEDIUM
06-07-2026,19:10:13,Detection,40,MEDIUM
06-07-2026,19:10:13,Detection,40,MEDIUM
06-07-2026,19:10:13,Detection,40,MEDIUM
06-07-2026,19:10:13,Detection,40,MEDIUM
06-07-2026,19:10:13,Detection,40,MEDIUM
06-07-2026,19:10:13,Detection,40,MEDIUM
06-07-2026,19:10:14,Detection,40,MEDIUM
06-07-2026,19:10:14,Detection,40,MEDIUM
06-07-2026,19:10:14,Detection,40,MEDIUM
06-07-2026,19:10:14,Detection,40,MEDIUM
06-07-2026,19:10:14,Detection,40,MEDIUM
06-07-2026,19:10:14,Detection,40,MEDIUM
06-07-2026,19:10:14,Detection,40,MEDIUM
06-07-2026,19:10:14,Detection,80,CRITICAL
06-07-2026,19:10:14,Detection,80,CRITICAL
06-07-2026,19:10:14,Detection,40,MEDIUM
06-07-2026,19:10:14,Detection,0,SAFE
06-07-2026,19:10:14,Detection,0,SAFE
06-07-2026,19:10:14,Detection,0,SAFE
06-07-2026,19:10:15,Detection,0,SAFE
06-07-2026,19:10:15,Detection,0,SAFE
06-07-2026,19:10:15,Detection,0,SAFE
06-07-2026,19:10:15,Detection,0,SAFE
06-07-2026,19:10:15,Detection,0,SAFE
06-07-2026,19:10:15,Detection,0,SAFE
06-07-2026,19:10:15,Detection,0,SAFE
06-07-2026,19:10:15,Detection,0,SAFE
06-07-2026,19:10:15,Detection,0,SAFE
06-07-2026,19:10:15,Detection,0,SAFE
06-07-2026,19:10:15,Detection,0,SAFE
06-07-2026,19:10:15,Detection,0,SAFE
06-07-2026,19:10:15,Detection,0,SAFE
06-07-2026,19:10:15,Detection,0,SAFE
06-07-2026,19:10:16,Detection,0,SAFE
06-07-2026,19:10:16,Detection,0,SAFE
06-07-2026,19:10:16,Detection,40,MEDIUM
06-07-2026,19:10:16,Detection,0,SAFE
06-07-2026,19:10:16,Detection,0,SAFE
06-07-2026,19:10:16,Detection,0,SAFE
06-07-2026,19:10:16,Detection,0,SAFE
06-07-2026,19:10:16,Detection,0,SAFE
06-07-2026,19:10:16,Detection,0,SAFE
06-07-2026,19:10:16,Detection,0,SAFE
06-07-2026,19:10:16,Detection,0,SAFE
06-07-2026,19:10:16,Detection,0,SAFE
06-07-2026,19:10:16,Detection,0,SAFE
06-07-2026,19:10:17,Detection,0,SAFE
06-07-2026,19:10:17,Detection,0,SAFE
06-07-2026,19:10:17,Detection,0,SAFE
06-07-2026,19:10:17,Detection,0,SAFE
06-07-2026,19:10:17,Detection,0,SAFE
06-07-2026,19:10:17,Detection,0,SAFE
06-07-2026,19:10:17,Detection,0,SAFE
06-07-2026,19:10:17,Detection,0,SAFE
06-07-2026,19:10:17,Detection,0,SAFE
06-07-2026,19:10:17,Detection,0,SAFE
06-07-2026,19:10:17,Detection,0,SAFE
06-07-2026,19:10:17,Detection,0,SAFE
06-07-2026,19:10:17,Detection,40,MEDIUM
06-07-2026,19:10:17,Detection,0,SAFE
06-07-2026,19:10:18,Detection,40,MEDIUM
06-07-2026,19:10:18,Detection,40,MEDIUM
06-07-2026,19:10:18,Detection,40,MEDIUM
06-07-2026,19:10:18,Detection,40,MEDIUM
06-07-2026,19:10:18,Detection,40,MEDIUM
06-07-2026,19:10:18,Detection,0,SAFE
06-07-2026,19:10:18,Detection,40,MEDIUM
06-07-2026,19:10:18,Detection,0,SAFE
06-07-2026,19:10:18,Detection,40,MEDIUM
06-07-2026,19:10:18,Detection,40,MEDIUM
06-07-2026,19:10:18,Detection,40,MEDIUM
06-07-2026,19:10:18,Detection,40,MEDIUM
06-07-2026,19:10:18,Detection,40,MEDIUM
06-07-2026,19:10:19,Detection,40,MEDIUM
06-07-2026,19:10:19,Detection,40,MEDIUM
06-07-2026,19:10:19,Detection,40,MEDIUM
06-07-2026,19:10:19,Detection,40,MEDIUM
06-07-2026,19:10:19,Detection,40,MEDIUM
06-07-2026,19:10:19,Detection,80,CRITICAL
06-07-2026,19:10:19,Detection,40,MEDIUM
06-07-2026,19:10:19,Detection,40,MEDIUM
06-07-2026,19:10:19,Detection,40,MEDIUM
06-07-2026,19:10:19,Detection,80,CRITICAL
06-07-2026,19:10:19,Detection,80,CRITICAL
06-07-2026,19:10:19,Detection,40,MEDIUM
06-07-2026,19:10:19,Detection,40,MEDIUM
06-07-2026,19:10:20,Detection,40,MEDIUM
06-07-2026,19:10:20,Detection,40,MEDIUM
06-07-2026,19:10:20,Detection,40,MEDIUM
06-07-2026,19:10:20,Detection,40,MEDIUM
06-07-2026,19:10:20,Detection,40,MEDIUM
06-07-2026,19:10:20,Detection,40,MEDIUM
06-07-2026,19:10:20,Detection,40,MEDIUM
06-07-2026,19:10:20,Detection,40,MEDIUM
06-07-2026,19:10:20,Detection,40,MEDIUM
06-07-2026,19:10:20,Detection,40,MEDIUM
06-07-2026,19:10:20,Detection,40,MEDIUM
06-07-2026,19:10:20,Detection,40,MEDIUM
06-07-2026,19:10:20,Detection,40,MEDIUM
06-07-2026,19:10:21,Detection,40,MEDIUM
06-07-2026,19:10:21,Detection,40,MEDIUM
06-07-2026,19:10:21,Detection,40,MEDIUM
06-07-2026,19:10:21,Detection,40,MEDIUM
06-07-2026,19:10:21,Detection,40,MEDIUM
06-07-2026,19:10:21,Detection,40,MEDIUM
06-07-2026,19:10:21,Detection,40,MEDIUM
06-07-2026,19:10:21,Detection,40,MEDIUM
06-07-2026,19:10:21,Detection,40,MEDIUM
06-07-2026,19:10:21,Detection,40,MEDIUM
06-07-2026,19:10:21,Detection,80,CRITICAL
06-07-2026,19:10:21,Detection,40,MEDIUM
06-07-2026,19:10:21,Detection,40,MEDIUM
06-07-2026,19:10:22,Detection,40,MEDIUM
06-07-2026,19:10:22,Detection,40,MEDIUM
06-07-2026,19:10:22,Detection,40,MEDIUM
06-07-2026,19:10:22,Detection,40,MEDIUM
06-07-2026,19:10:22,Detection,40,MEDIUM
06-07-2026,19:10:22,Detection,40,MEDIUM
06-07-2026,19:10:22,Detection,40,MEDIUM
06-07-2026,19:10:22,Detection,40,MEDIUM
06-07-2026,19:10:22,Detection,40,MEDIUM
06-07-2026,19:10:22,Detection,40,MEDIUM
06-07-2026,19:10:22,Detection,40,MEDIUM
06-07-2026,19:10:22,Detection,40,MEDIUM
06-07-2026,19:10:22,Detection,40,MEDIUM
06-07-2026,19:10:23,Detection,40,MEDIUM
06-07-2026,19:10:23,Detection,40,MEDIUM
06-07-2026,19:10:23,Detection,40,MEDIUM
06-07-2026,19:10:23,Detection,40,MEDIUM
06-07-2026,19:10:23,Detection,80,CRITICAL
06-07-2026,19:10:23,Detection,80,CRITICAL
06-07-2026,19:10:23,Detection,100,CRITICAL
06-07-2026,19:10:23,Detection,100,CRITICAL
06-07-2026,19:10:23,Detection,80,CRITICAL
06-07-2026,19:10:23,Detection,80,CRITICAL
06-07-2026,19:10:23,Detection,40,MEDIUM
06-07-2026,19:10:24,Detection,40,MEDIUM
06-07-2026,19:10:24,Detection,40,MEDIUM
06-07-2026,19:10:24,Detection,40,MEDIUM
06-07-2026,19:10:24,Detection,40,MEDIUM
06-07-2026,19:10:24,Detection,40,MEDIUM
06-07-2026,19:10:24,Detection,40,MEDIUM
06-07-2026,19:10:24,Detection,40,MEDIUM
06-07-2026,19:10:24,Detection,40,MEDIUM
06-07-2026,19:10:24,Detection,40,MEDIUM
06-07-2026,19:10:24,Detection,40,MEDIUM
06-07-2026,19:10:24,Detection,40,MEDIUM
06-07-2026,19:10:24,Detection,40,MEDIUM
06-07-2026,19:10:24,Detection,40,MEDIUM
06-07-2026,19:10:25,Detection,40,MEDIUM
06-07-2026,19:10:25,Detection,40,MEDIUM
06-07-2026,19:10:25,Detection,40,MEDIUM
06-07-2026,19:10:25,Detection,40,MEDIUM
06-07-2026,19:10:25,Detection,40,MEDIUM
06-07-2026,19:10:25,Detection,40,MEDIUM
06-07-2026,19:10:25,Detection,40,MEDIUM
06-07-2026,19:10:25,Detection,40,MEDIUM
06-07-2026,19:10:25,Detection,40,MEDIUM
06-07-2026,19:10:25,Detection,40,MEDIUM
06-07-2026,19:10:25,Detection,40,MEDIUM
06-07-2026,19:10:25,Detection,40,MEDIUM
06-07-2026,19:10:25,Detection,40,MEDIUM
06-07-2026,19:10:26,Detection,40,MEDIUM
06-07-2026,19:10:26,Detection,40,MEDIUM
06-07-2026,19:10:26,Detection,80,CRITICAL
06-07-2026,19:10:26,Detection,40,MEDIUM
06-07-2026,19:10:26,Detection,40,MEDIUM
06-07-2026,19:10:26,Detection,80,CRITICAL
06-07-2026,19:10:26,Detection,40,MEDIUM
06-07-2026,19:10:26,Detection,40,MEDIUM
06-07-2026,19:10:26,Detection,40,MEDIUM
06-07-2026,19:10:26,Detection,40,MEDIUM
06-07-2026,19:10:26,Detection,40,MEDIUM
06-07-2026,19:10:26,Detection,40,MEDIUM
06-07-2026,19:10:27,Detection,40,MEDIUM
06-07-2026,19:10:27,Detection,10,SAFE
06-07-2026,19:10:27,Detection,40,MEDIUM
06-07-2026,19:10:27,Detection,40,MEDIUM
06-07-2026,19:10:27,Detection,10,SAFE
06-07-2026,19:10:27,Detection,40,MEDIUM
06-07-2026,19:10:27,Detection,10,SAFE
06-07-2026,19:10:27,Detection,10,SAFE
06-07-2026,19:10:27,Detection,40,MEDIUM
06-07-2026,19:10:27,Detection,10,SAFE
06-07-2026,19:10:27,Detection,10,SAFE
06-07-2026,19:10:27,Detection,10,SAFE
06-07-2026,19:10:27,Detection,10,SAFE
06-07-2026,19:10:28,Detection,10,SAFE
06-07-2026,19:10:28,Detection,10,SAFE
06-07-2026,19:10:28,Detection,10,SAFE
06-07-2026,19:10:28,Detection,10,SAFE
06-07-2026,19:10:28,Detection,40,MEDIUM
06-07-2026,19:10:28,Detection,40,MEDIUM
06-07-2026,19:10:28,Detection,40,MEDIUM
06-07-2026,19:10:28,Detection,10,SAFE
06-07-2026,19:10:28,Detection,80,CRITICAL
06-07-2026,19:10:28,Detection,10,SAFE
06-07-2026,19:10:28,Detection,40,MEDIUM
06-07-2026,19:10:28,Detection,40,MEDIUM
06-07-2026,19:10:28,Detection,40,MEDIUM
06-07-2026,19:10:29,Detection,10,SAFE
06-07-2026,19:10:29,Detection,10,SAFE
06-07-2026,19:10:29,Detection,40,MEDIUM
06-07-2026,19:10:29,Detection,80,CRITICAL
06-07-2026,19:10:29,Detection,80,CRITICAL
06-07-2026,19:10:29,Detection,10,SAFE
06-07-2026,19:10:29,Detection,10,SAFE
06-07-2026,19:10:29,Detection,10,SAFE
06-07-2026,19:10:29,Detection,40,MEDIUM
06-07-2026,19:10:29,Detection,40,MEDIUM
06-07-2026,19:10:29,Detection,100,CRITICAL
06-07-2026,19:10:29,Detection,40,MEDIUM
06-07-2026,19:10:30,Detection,80,CRITICAL
06-07-2026,19:10:30,Detection,80,CRITICAL
06-07-2026,19:10:30,Detection,80,CRITICAL
06-07-2026,19:10:30,Detection,40,MEDIUM
06-07-2026,19:10:30,Detection,40,MEDIUM
06-07-2026,19:10:30,Detection,40,MEDIUM
06-07-2026,19:10:30,Detection,40,MEDIUM
06-07-2026,19:10:30,Detection,40,MEDIUM
06-07-2026,19:10:30,Detection,40,MEDIUM
06-07-2026,19:10:30,Detection,40,MEDIUM
06-07-2026,19:10:30,Detection,40,MEDIUM
06-07-2026,19:10:30,Detection,40,MEDIUM
06-07-2026,19:10:30,Detection,40,MEDIUM
06-07-2026,19:10:31,Detection,40,MEDIUM
06-07-2026,19:10:31,Detection,40,MEDIUM
06-07-2026,19:10:31,Detection,40,MEDIUM
06-07-2026,19:10:31,Detection,40,MEDIUM
06-07-2026,19:10:31,Detection,40,MEDIUM
06-07-2026,19:10:31,Detection,40,MEDIUM
06-07-2026,19:10:31,Detection,40,MEDIUM
06-07-2026,19:10:31,Detection,40,MEDIUM
06-07-2026,19:10:31,Detection,40,MEDIUM
06-07-2026,19:10:31,Detection,40,MEDIUM
06-07-2026,19:10:31,Detection,40,MEDIUM
06-07-2026,19:10:31,Detection,40,MEDIUM
06-07-2026,19:10:32,Detection,40,MEDIUM
06-07-2026,19:10:32,Detection,40,MEDIUM
06-07-2026,19:10:32,Detection,40,MEDIUM
06-07-2026,19:10:32,Detection,40,MEDIUM
06-07-2026,19:10:32,Detection,40,MEDIUM
06-07-2026,19:10:32,Detection,40,MEDIUM
06-07-2026,19:10:32,Detection,40,MEDIUM
06-07-2026,19:10:32,Detection,40,MEDIUM
06-07-2026,19:10:32,Detection,40,MEDIUM
06-07-2026,19:10:32,Detection,40,MEDIUM
06-07-2026,19:10:32,Detection,40,MEDIUM
06-07-2026,19:10:32,Detection,40,MEDIUM
06-07-2026,19:10:32,Detection,40,MEDIUM
06-07-2026,19:10:33,Detection,40,MEDIUM
06-07-2026,19:10:33,Detection,40,MEDIUM
06-07-2026,19:10:33,Detection,40,MEDIUM
06-07-2026,19:10:33,Detection,40,MEDIUM
06-07-2026,19:10:33,Detection,40,MEDIUM
06-07-2026,19:10:33,Detection,40,MEDIUM
06-07-2026,19:10:33,Detection,40,MEDIUM
06-07-2026,19:10:33,Detection,40,MEDIUM
06-07-2026,19:10:33,Detection,40,MEDIUM
06-07-2026,19:10:33,Detection,40,MEDIUM
06-07-2026,19:10:33,Detection,40,MEDIUM
06-07-2026,19:10:33,Detection,40,MEDIUM
06-07-2026,19:10:34,Detection,40,MEDIUM
06-07-2026,19:10:34,Detection,40,MEDIUM
06-07-2026,19:10:34,Detection,40,MEDIUM
06-07-2026,19:10:34,Detection,40,MEDIUM
06-07-2026,19:10:34,Detection,40,MEDIUM
06-07-2026,19:10:34,Detection,40,MEDIUM
06-07-2026,19:10:34,Detection,80,CRITICAL
06-07-2026,19:10:34,Detection,40,MEDIUM
06-07-2026,19:10:34,Detection,80,CRITICAL
06-07-2026,19:10:34,Detection,40,MEDIUM
06-07-2026,19:10:34,Detection,40,MEDIUM
06-07-2026,19:10:34,Detection,40,MEDIUM
06-07-2026,19:10:34,Detection,80,CRITICAL
06-07-2026,19:10:35,Detection,40,MEDIUM
06-07-2026,19:10:35,Detection,40,MEDIUM
06-07-2026,19:10:35,Detection,40,MEDIUM
06-07-2026,19:10:35,Detection,40,MEDIUM
06-07-2026,19:10:35,Detection,0,SAFE
06-07-2026,19:10:35,Detection,40,MEDIUM
06-07-2026,19:10:35,Detection,40,MEDIUM
06-07-2026,19:10:35,Detection,40,MEDIUM
06-07-2026,19:10:35,Detection,40,MEDIUM
06-07-2026,19:10:35,Detection,40,MEDIUM
06-07-2026,19:10:35,Detection,80,CRITICAL
06-07-2026,19:10:35,Detection,0,SAFE
06-07-2026,19:10:36,Detection,0,SAFE
06-07-2026,19:10:36,Detection,0,SAFE
06-07-2026,19:10:36,Detection,40,MEDIUM
06-07-2026,19:10:36,Detection,80,CRITICAL
06-07-2026,19:10:36,Detection,40,MEDIUM
06-07-2026,19:10:36,Detection,40,MEDIUM
06-07-2026,19:10:36,Detection,40,MEDIUM
06-07-2026,19:10:36,Detection,40,MEDIUM
06-07-2026,19:10:36,Detection,40,MEDIUM
06-07-2026,19:10:36,Detection,40,MEDIUM
06-07-2026,19:10:36,Detection,40,MEDIUM
06-07-2026,19:10:36,Detection,80,CRITICAL
06-07-2026,19:10:36,Detection,40,MEDIUM
06-07-2026,19:10:37,Detection,40,MEDIUM
06-07-2026,19:10:37,Detection,40,MEDIUM
06-07-2026,19:10:37,Detection,0,SAFE
06-07-2026,19:10:37,Detection,40,MEDIUM
06-07-2026,19:10:37,Detection,40,MEDIUM
06-07-2026,19:10:37,Detection,80,CRITICAL
06-07-2026,19:10:37,Detection,40,MEDIUM
06-07-2026,19:10:37,Detection,40,MEDIUM
06-07-2026,19:10:37,Detection,40,MEDIUM
06-07-2026,19:10:37,Detection,40,MEDIUM
06-07-2026,19:10:37,Detection,40,MEDIUM
06-07-2026,19:10:37,Detection,80,CRITICAL
06-07-2026,19:10:38,Detection,40,MEDIUM
06-07-2026,19:10:38,Detection,40,MEDIUM
06-07-2026,19:10:38,Detection,80,CRITICAL
06-07-2026,19:10:38,Detection,40,MEDIUM
06-07-2026,19:10:38,Detection,40,MEDIUM
06-07-2026,19:10:38,Detection,40,MEDIUM
06-07-2026,19:10:38,Detection,80,CRITICAL
06-07-2026,19:10:38,Detection,40,MEDIUM
06-07-2026,19:10:38,Detection,40,MEDIUM
06-07-2026,19:10:38,Detection,40,MEDIUM
06-07-2026,19:10:38,Detection,40,MEDIUM
06-07-2026,19:10:38,Detection,100,CRITICAL
06-07-2026,19:10:39,Detection,40,MEDIUM
06-07-2026,19:10:39,Detection,100,CRITICAL
06-07-2026,19:10:39,Detection,80,CRITICAL
06-07-2026,19:10:39,Detection,40,MEDIUM
06-07-2026,19:10:39,Detection,40,MEDIUM
06-07-2026,19:10:39,Detection,40,MEDIUM
06-07-2026,19:10:39,Detection,40,MEDIUM
06-07-2026,19:10:39,Detection,40,MEDIUM
06-07-2026,19:10:39,Detection,40,MEDIUM
06-07-2026,19:10:39,Detection,40,MEDIUM
06-07-2026,19:10:39,Detection,40,MEDIUM
06-07-2026,19:10:39,Detection,40,MEDIUM
06-07-2026,19:10:40,Detection,40,MEDIUM
06-07-2026,19:10:40,Detection,40,MEDIUM
06-07-2026,19:10:40,Detection,40,MEDIUM
06-07-2026,19:10:40,Detection,40,MEDIUM
06-07-2026,19:10:40,Detection,40,MEDIUM
06-07-2026,19:10:40,Detection,100,CRITICAL
06-07-2026,19:10:40,Detection,80,CRITICAL
06-07-2026,19:10:40,Detection,100,CRITICAL
06-07-2026,19:10:40,Detection,100,CRITICAL
06-07-2026,19:10:40,Detection,80,CRITICAL
06-07-2026,19:10:40,Detection,80,CRITICAL
06-07-2026,19:10:41,Detection,80,CRITICAL
06-07-2026,19:10:41,Detection,80,CRITICAL
06-07-2026,19:10:41,Detection,80,CRITICAL
06-07-2026,19:10:41,Detection,80,CRITICAL
06-07-2026,19:10:41,Detection,40,MEDIUM
06-07-2026,19:10:41,Detection,40,MEDIUM
06-07-2026,19:10:41,Detection,40,MEDIUM
06-07-2026,19:10:41,Detection,40,MEDIUM
06-07-2026,19:10:41,Detection,40,MEDIUM
06-07-2026,19:10:41,Detection,40,MEDIUM
06-07-2026,19:10:41,Detection,40,MEDIUM
06-07-2026,19:10:41,Detection,40,MEDIUM
06-07-2026,19:10:41,Detection,80,CRITICAL
06-07-2026,19:10:42,Detection,80,CRITICAL
06-07-2026,19:10:42,Detection,80,CRITICAL
06-07-2026,19:10:42,Detection,40,MEDIUM
06-07-2026,19:10:42,Detection,80,CRITICAL
06-07-2026,19:10:42,Detection,40,MEDIUM
06-07-2026,19:10:42,Detection,40,MEDIUM
06-07-2026,19:10:42,Detection,40,MEDIUM
06-07-2026,19:10:42,Detection,40,MEDIUM
06-07-2026,19:10:42,Detection,40,MEDIUM
06-07-2026,19:10:42,Detection,40,MEDIUM
06-07-2026,19:10:42,Detection,40,MEDIUM
06-07-2026,19:10:42,Detection,40,MEDIUM
06-07-2026,19:10:43,Detection,80,CRITICAL
06-07-2026,19:10:43,Detection,80,CRITICAL
06-07-2026,19:10:43,Detection,100,CRITICAL
06-07-2026,19:10:43,Detection,40,MEDIUM
06-07-2026,19:10:43,Detection,80,CRITICAL
06-07-2026,19:10:43,Detection,100,CRITICAL
06-07-2026,19:10:43,Detection,100,CRITICAL
06-07-2026,19:10:43,Detection,100,CRITICAL
06-07-2026,19:10:43,Detection,100,CRITICAL
06-07-2026,19:10:43,Detection,80,CRITICAL
06-07-2026,19:10:43,Detection,80,CRITICAL
06-07-2026,19:10:43,Detection,80,CRITICAL
06-07-2026,19:10:43,Detection,80,CRITICAL
06-07-2026,19:10:44,Detection,80,CRITICAL
06-07-2026,19:10:44,Detection,80,CRITICAL
06-07-2026,19:10:44,Detection,80,CRITICAL
06-07-2026,19:10:44,Detection,80,CRITICAL
06-07-2026,19:10:44,Detection,100,CRITICAL
06-07-2026,19:10:44,Detection,100,CRITICAL
06-07-2026,19:10:44,Detection,80,CRITICAL
06-07-2026,19:10:44,Detection,80,CRITICAL
06-07-2026,19:10:44,Detection,80,CRITICAL
06-07-2026,19:10:44,Detection,80,CRITICAL
06-07-2026,19:10:44,Detection,80,CRITICAL
06-07-2026,19:10:44,Detection,100,CRITICAL
06-07-2026,19:10:45,Detection,80,CRITICAL
06-07-2026,19:10:45,Detection,80,CRITICAL
06-07-2026,19:10:45,Detection,80,CRITICAL
06-07-2026,19:10:45,Detection,80,CRITICAL
06-07-2026,19:10:45,Detection,80,CRITICAL
06-07-2026,19:10:45,Detection,100,CRITICAL
06-07-2026,19:10:45,Detection,40,MEDIUM
06-07-2026,19:10:45,Detection,80,CRITICAL
06-07-2026,19:10:45,Detection,80,CRITICAL
06-07-2026,19:10:45,Detection,100,CRITICAL
06-07-2026,19:10:45,Detection,80,CRITICAL
06-07-2026,19:10:45,Detection,80,CRITICAL
06-07-2026,19:10:46,Detection,80,CRITICAL
06-07-2026,19:10:46,Detection,80,CRITICAL
06-07-2026,19:10:46,Detection,80,CRITICAL
06-07-2026,19:10:46,Detection,40,MEDIUM
06-07-2026,19:10:46,Detection,80,CRITICAL
06-07-2026,19:10:46,Detection,80,CRITICAL
06-07-2026,19:10:46,Detection,80,CRITICAL
06-07-2026,19:10:46,Detection,80,CRITICAL
06-07-2026,19:10:46,Detection,80,CRITICAL
06-07-2026,19:10:46,Detection,80,CRITICAL
06-07-2026,19:10:46,Detection,40,MEDIUM
06-07-2026,19:10:46,Detection,80,CRITICAL
06-07-2026,19:10:47,Detection,80,CRITICAL
06-07-2026,19:10:47,Detection,80,CRITICAL
06-07-2026,19:10:47,Detection,40,MEDIUM
06-07-2026,19:10:47,Detection,40,MEDIUM
06-07-2026,19:10:47,Detection,80,CRITICAL
06-07-2026,19:10:47,Detection,40,MEDIUM
06-07-2026,19:10:47,Detection,40,MEDIUM
06-07-2026,19:10:47,Detection,40,MEDIUM
06-07-2026,19:10:47,Detection,40,MEDIUM
06-07-2026,19:10:47,Detection,80,CRITICAL
06-07-2026,19:10:47,Detection,80,CRITICAL
06-07-2026,19:10:47,Detection,40,MEDIUM
06-07-2026,19:10:47,Detection,40,MEDIUM
06-07-2026,19:10:48,Detection,40,MEDIUM
06-07-2026,19:10:48,Detection,40,MEDIUM
06-07-2026,19:10:48,Detection,80,CRITICAL
06-07-2026,19:10:48,Detection,80,CRITICAL
06-07-2026,19:10:48,Detection,80,CRITICAL
06-07-2026,19:10:48,Detection,80,CRITICAL
06-07-2026,19:10:48,Detection,80,CRITICAL
06-07-2026,19:10:48,Detection,80,CRITICAL
06-07-2026,19:10:48,Detection,80,CRITICAL
06-07-2026,19:10:48,Detection,80,CRITICAL
06-07-2026,19:10:48,Detection,80,CRITICAL
06-07-2026,19:10:48,Detection,80,CRITICAL
06-07-2026,19:10:48,Detection,80,CRITICAL
06-07-2026,19:10:49,Detection,80,CRITICAL
06-07-2026,19:10:49,Detection,80,CRITICAL
06-07-2026,19:10:49,Detection,80,CRITICAL
06-07-2026,19:10:49,Detection,80,CRITICAL
06-07-2026,19:10:49,Detection,80,CRITICAL
06-07-2026,19:10:49,Detection,80,CRITICAL
06-07-2026,19:10:49,Detection,80,CRITICAL
06-07-2026,19:10:49,Detection,40,MEDIUM
06-07-2026,19:10:49,Detection,80,CRITICAL
06-07-2026,19:10:49,Detection,80,CRITICAL
06-07-2026,19:10:49,Detection,80,CRITICAL
06-07-2026,19:10:49,Detection,80,CRITICAL
06-07-2026,19:10:50,Detection,80,CRITICAL
06-07-2026,19:10:50,Detection,80,CRITICAL
06-07-2026,19:10:50,Detection,80,CRITICAL
06-07-2026,19:10:50,Detection,80,CRITICAL
06-07-2026,19:10:50,Detection,80,CRITICAL
06-07-2026,19:10:50,Detection,40,MEDIUM
06-07-2026,19:10:50,Detection,40,MEDIUM
06-07-2026,19:10:50,Detection,40,MEDIUM
06-07-2026,19:10:50,Detection,40,MEDIUM
06-07-2026,19:10:50,Detection,40,MEDIUM
06-07-2026,19:10:50,Detection,40,MEDIUM
06-07-2026,19:10:50,Detection,80,CRITICAL
06-07-2026,19:10:50,Detection,80,CRITICAL
06-07-2026,19:10:51,Detection,80,CRITICAL
06-07-2026,19:10:51,Detection,80,CRITICAL
06-07-2026,19:10:51,Detection,80,CRITICAL
06-07-2026,19:10:51,Detection,80,CRITICAL
06-07-2026,19:10:51,Detection,80,CRITICAL
06-07-2026,19:10:51,Detection,80,CRITICAL
06-07-2026,19:10:51,Detection,40,MEDIUM
06-07-2026,19:10:51,Detection,80,CRITICAL
06-07-2026,19:10:51,Detection,80,CRITICAL
06-07-2026,19:10:51,Detection,80,CRITICAL
06-07-2026,19:10:51,Detection,40,MEDIUM
06-07-2026,19:10:51,Detection,80,CRITICAL
06-07-2026,19:10:52,Detection,80,CRITICAL
06-07-2026,19:10:52,Detection,100,CRITICAL
06-07-2026,19:10:52,Detection,80,CRITICAL
06-07-2026,19:10:52,Detection,80,CRITICAL
06-07-2026,19:10:52,Detection,80,CRITICAL
06-07-2026,19:10:52,Detection,40,MEDIUM
06-07-2026,19:10:52,Detection,40,MEDIUM
06-07-2026,19:10:52,Detection,40,MEDIUM
06-07-2026,19:10:52,Detection,40,MEDIUM
06-07-2026,19:10:52,Detection,80,CRITICAL
06-07-2026,19:10:52,Detection,40,MEDIUM
06-07-2026,19:10:52,Detection,40,MEDIUM
06-07-2026,19:10:52,Detection,40,MEDIUM
06-07-2026,19:10:53,Detection,80,CRITICAL
06-07-2026,19:10:53,Detection,80,CRITICAL
06-07-2026,19:10:53,Detection,80,CRITICAL
06-07-2026,19:10:53,Detection,40,MEDIUM
06-07-2026,19:10:53,Detection,80,CRITICAL
06-07-2026,19:10:53,Detection,80,CRITICAL
06-07-2026,19:10:53,Detection,80,CRITICAL
06-07-2026,19:10:53,Detection,80,CRITICAL
06-07-2026,19:10:53,Detection,80,CRITICAL
06-07-2026,19:10:53,Detection,40,MEDIUM
06-07-2026,19:10:53,Detection,40,MEDIUM
06-07-2026,19:10:53,Detection,40,MEDIUM
06-07-2026,19:10:54,Detection,40,MEDIUM
06-07-2026,19:10:54,Detection,80,CRITICAL
06-07-2026,19:10:54,Detection,80,CRITICAL
06-07-2026,19:10:54,Detection,80,CRITICAL
06-07-2026,19:10:54,Detection,80,CRITICAL
06-07-2026,19:10:54,Detection,80,CRITICAL
06-07-2026,19:10:54,Detection,80,CRITICAL
06-07-2026,19:10:54,Detection,80,CRITICAL
06-07-2026,19:10:54,Detection,80,CRITICAL
06-07-2026,19:10:54,Detection,80,CRITICAL
06-07-2026,19:10:54,Detection,40,MEDIUM
06-07-2026,19:10:54,Detection,80,CRITICAL
06-07-2026,19:10:55,Detection,80,CRITICAL
06-07-2026,19:10:55,Detection,40,MEDIUM
06-07-2026,19:10:55,Detection,40,MEDIUM
06-07-2026,19:10:55,Detection,40,MEDIUM
06-07-2026,19:10:55,Detection,40,MEDIUM
06-07-2026,19:10:55,Detection,40,MEDIUM
06-07-2026,19:10:55,Detection,40,MEDIUM
06-07-2026,19:10:55,Detection,40,MEDIUM
06-07-2026,19:10:55,Detection,40,MEDIUM
06-07-2026,19:10:55,Detection,40,MEDIUM
06-07-2026,19:10:55,Detection,40,MEDIUM
06-07-2026,19:10:55,Detection,40,MEDIUM
06-07-2026,19:10:55,Detection,40,MEDIUM
06-07-2026,19:10:56,Detection,80,CRITICAL
06-07-2026,19:10:56,Detection,80,CRITICAL
06-07-2026,19:10:56,Detection,80,CRITICAL
06-07-2026,19:10:56,Detection,80,CRITICAL
06-07-2026,19:10:56,Detection,80,CRITICAL
06-07-2026,19:10:56,Detection,80,CRITICAL
06-07-2026,19:10:56,Detection,80,CRITICAL
06-07-2026,19:10:56,Detection,80,CRITICAL
06-07-2026,19:10:56,Detection,80,CRITICAL
06-07-2026,19:10:56,Detection,80,CRITICAL
06-07-2026,19:10:56,Detection,40,MEDIUM
06-07-2026,19:10:56,Detection,80,CRITICAL
06-07-2026,19:10:57,Detection,80,CRITICAL
06-07-2026,19:10:57,Detection,40,MEDIUM
06-07-2026,19:10:57,Detection,40,MEDIUM
06-07-2026,19:10:57,Detection,100,CRITICAL
06-07-2026,19:10:57,Detection,40,MEDIUM
06-07-2026,19:10:57,Detection,40,MEDIUM
06-07-2026,19:10:57,Detection,40,MEDIUM
06-07-2026,19:10:57,Detection,40,MEDIUM
06-07-2026,19:10:57,Detection,40,MEDIUM
06-07-2026,19:10:57,Detection,40,MEDIUM
06-07-2026,19:10:57,Detection,0,SAFE
06-07-2026,19:10:57,Detection,0,SAFE
06-07-2026,19:10:57,Detection,40,MEDIUM
06-07-2026,19:10:58,Detection,0,SAFE
06-07-2026,19:10:58,Detection,0,SAFE
06-07-2026,19:10:58,Detection,80,CRITICAL
06-07-2026,19:10:58,Detection,80,CRITICAL
06-07-2026,19:10:58,Detection,40,MEDIUM
06-07-2026,19:10:58,Detection,40,MEDIUM
06-07-2026,19:10:58,Detection,80,CRITICAL
06-07-2026,19:10:58,Detection,80,CRITICAL
06-07-2026,19:10:58,Detection,80,CRITICAL
06-07-2026,19:10:58,Detection,80,CRITICAL
06-07-2026,19:10:58,Detection,40,MEDIUM
06-07-2026,19:10:58,Detection,80,CRITICAL
06-07-2026,19:10:59,Detection,80,CRITICAL
06-07-2026,19:10:59,Detection,80,CRITICAL
06-07-2026,19:10:59,Detection,80,CRITICAL
06-07-2026,19:10:59,Detection,40,MEDIUM
06-07-2026,19:10:59,Detection,0,SAFE
06-07-2026,19:10:59,Detection,80,CRITICAL
06-07-2026,19:10:59,Detection,40,MEDIUM
06-07-2026,19:10:59,Detection,40,MEDIUM
06-07-2026,19:10:59,Detection,40,MEDIUM
06-07-2026,19:10:59,Detection,40,MEDIUM
06-07-2026,19:10:59,Detection,80,CRITICAL
06-07-2026,19:10:59,Detection,0,SAFE
06-07-2026,19:11:00,Detection,0,SAFE
06-07-2026,19:11:00,Detection,0,SAFE
06-07-2026,19:11:00,Detection,40,MEDIUM
06-07-2026,19:11:00,Detection,40,MEDIUM
06-07-2026,19:11:00,Detection,40,MEDIUM
06-07-2026,19:11:00,Detection,40,MEDIUM
06-07-2026,19:11:00,Detection,40,MEDIUM
06-07-2026,19:11:00,Detection,40,MEDIUM
06-07-2026,19:11:00,Detection,40,MEDIUM
06-07-2026,19:11:00,Detection,40,MEDIUM
06-07-2026,19:11:00,Detection,40,MEDIUM
06-07-2026,19:11:00,Detection,40,MEDIUM
06-07-2026,19:11:00,Detection,40,MEDIUM
06-07-2026,19:11:01,Detection,40,MEDIUM
06-07-2026,19:11:01,Detection,40,MEDIUM
06-07-2026,19:11:01,Detection,40,MEDIUM
06-07-2026,19:11:01,Detection,40,MEDIUM
06-07-2026,19:11:01,Detection,40,MEDIUM
06-07-2026,19:11:01,Detection,40,MEDIUM
06-07-2026,19:11:01,Detection,40,MEDIUM
06-07-2026,19:11:01,Detection,40,MEDIUM
06-07-2026,19:11:01,Detection,40,MEDIUM
06-07-2026,19:11:01,Detection,40,MEDIUM
06-07-2026,19:11:01,Detection,40,MEDIUM
06-07-2026,19:11:01,Detection,40,MEDIUM
06-07-2026,19:11:01,Detection,40,MEDIUM
06-07-2026,19:11:02,Detection,40,MEDIUM
06-07-2026,19:11:02,Detection,40,MEDIUM
06-07-2026,19:11:02,Detection,40,MEDIUM
06-07-2026,19:11:02,Detection,40,MEDIUM
06-07-2026,19:11:02,Detection,40,MEDIUM
06-07-2026,19:11:02,Detection,40,MEDIUM
06-07-2026,19:11:02,Detection,40,MEDIUM
06-07-2026,19:11:02,Detection,40,MEDIUM
06-07-2026,19:11:02,Detection,40,MEDIUM
06-07-2026,19:11:02,Detection,40,MEDIUM
06-07-2026,19:11:02,Detection,40,MEDIUM
06-07-2026,19:11:02,Detection,40,MEDIUM
06-07-2026,19:11:03,Detection,40,MEDIUM
06-07-2026,19:11:03,Detection,40,MEDIUM
06-07-2026,19:11:03,Detection,40,MEDIUM
06-07-2026,19:11:03,Detection,40,MEDIUM
06-07-2026,19:11:03,Detection,40,MEDIUM
06-07-2026,19:11:03,Detection,40,MEDIUM
06-07-2026,19:11:03,Detection,40,MEDIUM
06-07-2026,19:11:03,Detection,40,MEDIUM
06-07-2026,19:11:03,Detection,40,MEDIUM
06-07-2026,19:11:04,Detection,40,MEDIUM
06-07-2026,19:11:04,Detection,40,MEDIUM
06-07-2026,19:11:04,Detection,40,MEDIUM
06-07-2026,19:11:04,Detection,40,MEDIUM
06-07-2026,19:11:04,Detection,40,MEDIUM
06-07-2026,19:11:04,Detection,40,MEDIUM
06-07-2026,19:11:04,Detection,40,MEDIUM
06-07-2026,19:11:04,Detection,40,MEDIUM
06-07-2026,19:11:04,Detection,40,MEDIUM
06-07-2026,19:11:04,Detection,40,MEDIUM
06-07-2026,19:11:04,Detection,40,MEDIUM
06-07-2026,19:11:05,Detection,40,MEDIUM
06-07-2026,19:11:05,Detection,40,MEDIUM
06-07-2026,19:11:05,Detection,40,MEDIUM
06-07-2026,19:11:05,Detection,40,MEDIUM
06-07-2026,19:11:05,Detection,40,MEDIUM
06-07-2026,19:11:05,Detection,40,MEDIUM
06-07-2026,19:11:05,Detection,40,MEDIUM
06-07-2026,19:11:05,Detection,40,MEDIUM
06-07-2026,19:11:05,Detection,40,MEDIUM
06-07-2026,19:11:05,Detection,40,MEDIUM
06-07-2026,19:11:06,Detection,40,MEDIUM
06-07-2026,19:11:06,Detection,40,MEDIUM
06-07-2026,19:11:06,Detection,40,MEDIUM
06-07-2026,19:11:06,Detection,40,MEDIUM
06-07-2026,19:11:06,Detection,40,MEDIUM
06-07-2026,19:11:06,Detection,40,MEDIUM
06-07-2026,19:11:06,Detection,40,MEDIUM
06-07-2026,19:11:06,Detection,40,MEDIUM
06-07-2026,19:11:06,Detection,40,MEDIUM
06-07-2026,19:11:06,Detection,40,MEDIUM
06-07-2026,19:11:06,Detection,40,MEDIUM
06-07-2026,19:11:07,Detection,40,MEDIUM
06-07-2026,19:11:07,Detection,40,MEDIUM
06-07-2026,19:11:07,Detection,40,MEDIUM
06-07-2026,19:11:07,Detection,40,MEDIUM
06-07-2026,19:11:07,Detection,40,MEDIUM
06-07-2026,19:11:07,Detection,40,MEDIUM
06-07-2026,19:11:07,Detection,40,MEDIUM
06-07-2026,19:11:07,Detection,40,MEDIUM
06-07-2026,19:11:07,Detection,40,MEDIUM
06-07-2026,19:11:08,Detection,40,MEDIUM
06-07-2026,19:11:08,Detection,40,MEDIUM
06-07-2026,19:11:08,Detection,40,MEDIUM
06-07-2026,19:11:08,Detection,40,MEDIUM
06-07-2026,19:11:08,Detection,40,MEDIUM
06-07-2026,19:11:08,Detection,40,MEDIUM
06-07-2026,19:11:08,Detection,40,MEDIUM
06-07-2026,19:11:08,Detection,40,MEDIUM
06-07-2026,19:11:08,Detection,40,MEDIUM
06-07-2026,19:11:08,Detection,40,MEDIUM
06-07-2026,19:11:08,Detection,40,MEDIUM
06-07-2026,19:11:08,Detection,40,MEDIUM
06-07-2026,19:11:08,Detection,40,MEDIUM
06-07-2026,19:11:09,Detection,40,MEDIUM
06-07-2026,19:11:09,Detection,40,MEDIUM
06-07-2026,19:11:09,Detection,40,MEDIUM
06-07-2026,19:11:09,Detection,40,MEDIUM
06-07-2026,19:11:09,Detection,40,MEDIUM
06-07-2026,19:11:09,Detection,40,MEDIUM
06-07-2026,19:11:10,Detection,40,MEDIUM
06-07-2026,19:11:10,Detection,40,MEDIUM
06-07-2026,19:11:10,Detection,40,MEDIUM
06-07-2026,19:11:10,Detection,40,MEDIUM
06-07-2026,19:11:10,Detection,40,MEDIUM
06-07-2026,19:11:10,Detection,40,MEDIUM
06-07-2026,19:11:10,Detection,40,MEDIUM
06-07-2026,19:11:10,Detection,40,MEDIUM
06-07-2026,19:11:11,Detection,40,MEDIUM
06-07-2026,19:11:11,Detection,40,MEDIUM
06-07-2026,19:11:11,Detection,40,MEDIUM
06-07-2026,19:11:11,Detection,40,MEDIUM
06-07-2026,19:11:11,Detection,40,MEDIUM
06-07-2026,19:11:11,Detection,40,MEDIUM
06-07-2026,19:11:11,Detection,40,MEDIUM
06-07-2026,19:11:11,Detection,40,MEDIUM
06-07-2026,19:11:11,Detection,40,MEDIUM
06-07-2026,19:11:12,Detection,40,MEDIUM
06-07-2026,19:11:12,Detection,40,MEDIUM
06-07-2026,19:11:12,Detection,40,MEDIUM
06-07-2026,19:11:12,Detection,40,MEDIUM
06-07-2026,19:11:12,Detection,40,MEDIUM
06-07-2026,19:11:12,Detection,40,MEDIUM
06-07-2026,19:11:12,Detection,40,MEDIUM
06-07-2026,19:11:12,Detection,40,MEDIUM
06-07-2026,19:11:13,Detection,40,MEDIUM
06-07-2026,19:11:13,Detection,40,MEDIUM
06-07-2026,19:11:13,Detection,40,MEDIUM
06-07-2026,19:11:13,Detection,40,MEDIUM
06-07-2026,19:11:13,Detection,40,MEDIUM
06-07-2026,19:11:13,Detection,40,MEDIUM
06-07-2026,19:11:13,Detection,40,MEDIUM
06-07-2026,19:11:13,Detection,40,MEDIUM
06-07-2026,19:11:13,Detection,40,MEDIUM
06-07-2026,19:11:14,Detection,40,MEDIUM
06-07-2026,19:11:14,Detection,40,MEDIUM
07-07-2026,08:34:38,Detection,80,CRITICAL
07-07-2026,08:34:38,Detection,40,MEDIUM
07-07-2026,08:34:38,Detection,40,MEDIUM
07-07-2026,08:34:38,Detection,40,MEDIUM
07-07-2026,08:34:38,Detection,40,MEDIUM
07-07-2026,08:34:39,Detection,40,MEDIUM
07-07-2026,08:34:39,Detection,40,MEDIUM
07-07-2026,08:34:39,Detection,40,MEDIUM
07-07-2026,08:34:39,Detection,40,MEDIUM
07-07-2026,08:34:39,Detection,40,MEDIUM
07-07-2026,08:34:39,Detection,40,MEDIUM
07-07-2026,08:34:39,Detection,40,MEDIUM
07-07-2026,08:34:39,Detection,40,MEDIUM
07-07-2026,08:34:39,Detection,40,MEDIUM
07-07-2026,08:34:40,Detection,40,MEDIUM
07-07-2026,08:34:40,Detection,40,MEDIUM
07-07-2026,08:34:40,Detection,40,MEDIUM
07-07-2026,08:34:40,Detection,40,MEDIUM
07-07-2026,08:34:40,Detection,40,MEDIUM
07-07-2026,08:34:40,Detection,40,MEDIUM
07-07-2026,08:34:40,Detection,40,MEDIUM
07-07-2026,08:34:40,Detection,40,MEDIUM
07-07-2026,08:34:40,Detection,40,MEDIUM
07-07-2026,08:34:41,Detection,40,MEDIUM
07-07-2026,08:34:41,Detection,40,MEDIUM
07-07-2026,08:34:41,Detection,40,MEDIUM
07-07-2026,08:34:41,Detection,40,MEDIUM
07-07-2026,08:34:41,Detection,40,MEDIUM
07-07-2026,08:34:41,Detection,40,MEDIUM
07-07-2026,08:34:41,Detection,40,MEDIUM
07-07-2026,08:34:41,Detection,40,MEDIUM
07-07-2026,08:34:42,Detection,40,MEDIUM
07-07-2026,08:34:42,Detection,40,MEDIUM
07-07-2026,08:34:42,Detection,40,MEDIUM
07-07-2026,08:34:42,Detection,40,MEDIUM
07-07-2026,08:34:42,Detection,40,MEDIUM
07-07-2026,08:34:42,Detection,40,MEDIUM
07-07-2026,08:34:42,Detection,40,MEDIUM
07-07-2026,08:34:42,Detection,40,MEDIUM
07-07-2026,08:34:42,Detection,40,MEDIUM
07-07-2026,08:34:42,Detection,40,MEDIUM
07-07-2026,08:34:43,Detection,40,MEDIUM
07-07-2026,08:34:43,Detection,40,MEDIUM
07-07-2026,08:34:43,Detection,40,MEDIUM
07-07-2026,08:34:43,Detection,40,MEDIUM
07-07-2026,08:34:43,Detection,40,MEDIUM
07-07-2026,08:34:43,Detection,40,MEDIUM
07-07-2026,08:34:43,Detection,40,MEDIUM
07-07-2026,08:34:43,Detection,40,MEDIUM
07-07-2026,08:34:43,Detection,40,MEDIUM
07-07-2026,08:34:44,Detection,40,MEDIUM
07-07-2026,08:34:44,Detection,40,MEDIUM
07-07-2026,08:34:44,Detection,40,MEDIUM
07-07-2026,08:34:44,Detection,40,MEDIUM
07-07-2026,08:34:44,Detection,40,MEDIUM
07-07-2026,08:34:44,Detection,40,MEDIUM
07-07-2026,08:34:44,Detection,40,MEDIUM
07-07-2026,08:34:44,Detection,40,MEDIUM
07-07-2026,08:34:44,Detection,40,MEDIUM
07-07-2026,08:34:44,Detection,40,MEDIUM
07-07-2026,08:34:45,Detection,40,MEDIUM
07-07-2026,08:34:45,Detection,40,MEDIUM
07-07-2026,08:34:45,Detection,40,MEDIUM
07-07-2026,08:34:45,Detection,40,MEDIUM
07-07-2026,08:34:45,Detection,40,MEDIUM
07-07-2026,08:34:45,Detection,40,MEDIUM
07-07-2026,08:34:45,Detection,40,MEDIUM
07-07-2026,08:34:45,Detection,40,MEDIUM
07-07-2026,08:34:45,Detection,40,MEDIUM
07-07-2026,08:34:46,Detection,40,MEDIUM
07-07-2026,08:34:46,Detection,40,MEDIUM
07-07-2026,08:34:46,Detection,40,MEDIUM
07-07-2026,08:34:46,Detection,40,MEDIUM
07-07-2026,08:34:46,Detection,40,MEDIUM
07-07-2026,08:34:46,Detection,40,MEDIUM
07-07-2026,08:34:46,Detection,40,MEDIUM
07-07-2026,08:34:46,Detection,40,MEDIUM
07-07-2026,08:34:46,Detection,40,MEDIUM
07-07-2026,08:34:46,Detection,40,MEDIUM
07-07-2026,08:34:47,Detection,40,MEDIUM
07-07-2026,08:34:47,Detection,40,MEDIUM
07-07-2026,08:34:47,Detection,40,MEDIUM
07-07-2026,08:34:47,Detection,40,MEDIUM
07-07-2026,08:34:47,Detection,40,MEDIUM
07-07-2026,08:34:47,Detection,40,MEDIUM
07-07-2026,08:34:47,Detection,40,MEDIUM
07-07-2026,08:34:47,Detection,40,MEDIUM
07-07-2026,08:34:47,Detection,40,MEDIUM
07-07-2026,08:34:47,Detection,40,MEDIUM
07-07-2026,08:34:48,Detection,40,MEDIUM
07-07-2026,08:34:48,Detection,40,MEDIUM
07-07-2026,08:34:48,Detection,40,MEDIUM
07-07-2026,08:34:48,Detection,40,MEDIUM
07-07-2026,08:34:48,Detection,40,MEDIUM
07-07-2026,08:34:48,Detection,40,MEDIUM
07-07-2026,08:34:48,Detection,40,MEDIUM
07-07-2026,08:34:48,Detection,40,MEDIUM
07-07-2026,08:34:48,Detection,40,MEDIUM
07-07-2026,08:34:48,Detection,40,MEDIUM
07-07-2026,08:34:49,Detection,40,MEDIUM
07-07-2026,08:34:49,Detection,40,MEDIUM
07-07-2026,08:34:49,Detection,40,MEDIUM
07-07-2026,08:34:49,Detection,40,MEDIUM
07-07-2026,08:34:49,Detection,40,MEDIUM
07-07-2026,08:34:49,Detection,40,MEDIUM
07-07-2026,08:34:49,Detection,40,MEDIUM
07-07-2026,08:34:49,Detection,40,MEDIUM
07-07-2026,08:34:49,Detection,40,MEDIUM
07-07-2026,08:34:50,Detection,40,MEDIUM
07-07-2026,08:34:50,Detection,40,MEDIUM
07-07-2026,08:34:50,Detection,40,MEDIUM
07-07-2026,08:34:50,Detection,40,MEDIUM
07-07-2026,08:34:50,Detection,40,MEDIUM
07-07-2026,08:34:50,Detection,40,MEDIUM
07-07-2026,08:34:50,Detection,40,MEDIUM
07-07-2026,08:34:50,Detection,40,MEDIUM
07-07-2026,08:34:50,Detection,40,MEDIUM
07-07-2026,08:34:51,Detection,40,MEDIUM
07-07-2026,08:34:51,Detection,40,MEDIUM
07-07-2026,08:34:51,Detection,40,MEDIUM
07-07-2026,08:34:51,Detection,40,MEDIUM
07-07-2026,08:34:51,Detection,40,MEDIUM
07-07-2026,08:34:51,Detection,40,MEDIUM
07-07-2026,08:34:51,Detection,40,MEDIUM
07-07-2026,08:34:51,Detection,40,MEDIUM
07-07-2026,08:34:52,Detection,40,MEDIUM
07-07-2026,08:34:52,Detection,40,MEDIUM
07-07-2026,08:34:52,Detection,40,MEDIUM
07-07-2026,08:34:52,Detection,40,MEDIUM
07-07-2026,08:34:52,Detection,40,MEDIUM
07-07-2026,08:34:53,Detection,40,MEDIUM
07-07-2026,08:34:53,Detection,40,MEDIUM
07-07-2026,08:34:53,Detection,40,MEDIUM
07-07-2026,08:34:54,Detection,40,MEDIUM
07-07-2026,08:34:54,Detection,40,MEDIUM
07-07-2026,08:34:54,Detection,40,MEDIUM
07-07-2026,08:34:54,Detection,40,MEDIUM
07-07-2026,08:34:55,Detection,40,MEDIUM
07-07-2026,08:34:55,Detection,40,MEDIUM
07-07-2026,08:34:55,Detection,40,MEDIUM
07-07-2026,08:34:55,Detection,40,MEDIUM
07-07-2026,08:34:56,Detection,40,MEDIUM
07-07-2026,08:34:56,Detection,40,MEDIUM
07-07-2026,08:34:56,Detection,40,MEDIUM
07-07-2026,08:34:56,Detection,40,MEDIUM
07-07-2026,08:34:56,Detection,40,MEDIUM
07-07-2026,08:34:57,Detection,40,MEDIUM
07-07-2026,08:34:58,Detection,40,MEDIUM
07-07-2026,08:34:59,Detection,40,MEDIUM
07-07-2026,08:34:59,Detection,40,MEDIUM
07-07-2026,08:35:00,Detection,40,MEDIUM
07-07-2026,08:35:00,Detection,40,MEDIUM
07-07-2026,08:35:00,Detection,40,MEDIUM
07-07-2026,08:35:00,Detection,40,MEDIUM
07-07-2026,08:35:00,Detection,40,MEDIUM
07-07-2026,08:35:01,Detection,40,MEDIUM
07-07-2026,08:35:01,Detection,40,MEDIUM
07-07-2026,08:35:01,Detection,40,MEDIUM
07-07-2026,08:35:01,Detection,40,MEDIUM
07-07-2026,08:35:02,Detection,40,MEDIUM
07-07-2026,08:35:02,Detection,40,MEDIUM
07-07-2026,08:35:02,Detection,40,MEDIUM
07-07-2026,08:35:02,Detection,40,MEDIUM
07-07-2026,08:35:02,Detection,40,MEDIUM
07-07-2026,08:35:03,Detection,40,MEDIUM
07-07-2026,08:35:03,Detection,40,MEDIUM
07-07-2026,08:35:03,Detection,40,MEDIUM
07-07-2026,08:35:03,Detection,40,MEDIUM
07-07-2026,08:35:04,Detection,40,MEDIUM
07-07-2026,08:35:04,Detection,40,MEDIUM
07-07-2026,08:35:04,Detection,40,MEDIUM
07-07-2026,08:35:04,Detection,40,MEDIUM
07-07-2026,08:35:06,Detection,40,MEDIUM
07-07-2026,08:35:06,Detection,40,MEDIUM
07-07-2026,08:35:08,Detection,40,MEDIUM
07-07-2026,08:35:08,Detection,40,MEDIUM
07-07-2026,08:35:08,Detection,40,MEDIUM
07-07-2026,08:35:08,Detection,40,MEDIUM
07-07-2026,08:35:09,Detection,40,MEDIUM
07-07-2026,08:35:09,Detection,40,MEDIUM
07-07-2026,08:35:09,Detection,40,MEDIUM
07-07-2026,08:35:10,Detection,40,MEDIUM
07-07-2026,08:35:10,Detection,40,MEDIUM
07-07-2026,08:35:10,Detection,40,MEDIUM
07-07-2026,08:35:11,Detection,40,MEDIUM
07-07-2026,08:35:11,Detection,40,MEDIUM
07-07-2026,08:35:11,Detection,40,MEDIUM
07-07-2026,08:35:12,Detection,40,MEDIUM
07-07-2026,08:35:12,Detection,40,MEDIUM
07-07-2026,08:35:12,Detection,40,MEDIUM
07-07-2026,08:35:12,Detection,40,MEDIUM
07-07-2026,08:35:12,Detection,40,MEDIUM
07-07-2026,08:35:13,Detection,40,MEDIUM
07-07-2026,08:35:13,Detection,40,MEDIUM
07-07-2026,08:35:13,Detection,40,MEDIUM
07-07-2026,08:35:13,Detection,40,MEDIUM
15-07-2026,17:52:52,Detection,40,MEDIUM
15-07-2026,17:52:52,Detection,40,MEDIUM
15-07-2026,17:52:52,Detection,40,MEDIUM
15-07-2026,17:52:53,Detection,40,MEDIUM
15-07-2026,17:52:53,Detection,40,MEDIUM
15-07-2026,17:52:53,Detection,40,MEDIUM
15-07-2026,17:52:53,Detection,40,MEDIUM
15-07-2026,17:52:53,Detection,40,MEDIUM
15-07-2026,17:52:54,Detection,40,MEDIUM
15-07-2026,17:52:54,Detection,40,MEDIUM
15-07-2026,17:52:54,Detection,40,MEDIUM
15-07-2026,17:52:54,Detection,40,MEDIUM
15-07-2026,17:52:54,Detection,40,MEDIUM
15-07-2026,17:52:54,Detection,40,MEDIUM
15-07-2026,17:52:55,Detection,40,MEDIUM
15-07-2026,17:52:55,Detection,40,MEDIUM
15-07-2026,17:52:55,Detection,40,MEDIUM
15-07-2026,17:52:55,Detection,40,MEDIUM
15-07-2026,17:52:55,Detection,40,MEDIUM
15-07-2026,17:52:55,Detection,40,MEDIUM
15-07-2026,17:52:56,Detection,40,MEDIUM
15-07-2026,17:52:56,Detection,40,MEDIUM
15-07-2026,17:52:56,Detection,40,MEDIUM
15-07-2026,17:52:56,Detection,40,MEDIUM
15-07-2026,17:52:56,Detection,40,MEDIUM
15-07-2026,17:52:56,Detection,40,MEDIUM
15-07-2026,17:52:57,Detection,40,MEDIUM
15-07-2026,17:52:57,Detection,40,MEDIUM
15-07-2026,17:52:57,Detection,40,MEDIUM
15-07-2026,17:52:57,Detection,40,MEDIUM
15-07-2026,17:52:57,Detection,40,MEDIUM
15-07-2026,17:52:57,Detection,40,MEDIUM
15-07-2026,17:52:57,Detection,40,MEDIUM
15-07-2026,17:52:58,Detection,40,MEDIUM
15-07-2026,17:52:58,Detection,40,MEDIUM
15-07-2026,17:52:58,Detection,40,MEDIUM
15-07-2026,17:52:58,Detection,40,MEDIUM
15-07-2026,17:52:58,Detection,40,MEDIUM
15-07-2026,17:52:58,Detection,40,MEDIUM
15-07-2026,17:52:58,Detection,40,MEDIUM
15-07-2026,17:52:59,Detection,40,MEDIUM
15-07-2026,17:52:59,Detection,40,MEDIUM
15-07-2026,17:52:59,Detection,40,MEDIUM
15-07-2026,17:52:59,Detection,40,MEDIUM
15-07-2026,17:52:59,Detection,40,MEDIUM
15-07-2026,17:52:59,Detection,40,MEDIUM
15-07-2026,17:52:59,Detection,40,MEDIUM
15-07-2026,17:52:59,Detection,40,MEDIUM
15-07-2026,17:53:00,Detection,40,MEDIUM
15-07-2026,17:53:00,Detection,40,MEDIUM
15-07-2026,17:53:00,Detection,40,MEDIUM
15-07-2026,17:53:00,Detection,40,MEDIUM
15-07-2026,17:53:00,Detection,40,MEDIUM
15-07-2026,17:53:00,Detection,40,MEDIUM
15-07-2026,17:53:00,Detection,40,MEDIUM
15-07-2026,17:53:00,Detection,40,MEDIUM
15-07-2026,17:53:00,Detection,40,MEDIUM
15-07-2026,17:53:01,Detection,40,MEDIUM
15-07-2026,17:53:01,Detection,40,MEDIUM
15-07-2026,17:53:01,Detection,40,MEDIUM
15-07-2026,17:53:01,Detection,40,MEDIUM
15-07-2026,17:53:01,Detection,40,MEDIUM
15-07-2026,17:53:01,Detection,40,MEDIUM
15-07-2026,17:53:01,Detection,40,MEDIUM
15-07-2026,17:53:02,Detection,40,MEDIUM
15-07-2026,17:53:02,Detection,40,MEDIUM
15-07-2026,17:53:02,Detection,40,MEDIUM
15-07-2026,17:53:02,Detection,40,MEDIUM
15-07-2026,17:53:02,Detection,40,MEDIUM
15-07-2026,17:53:02,Detection,40,MEDIUM
15-07-2026,17:53:02,Detection,40,MEDIUM
15-07-2026,17:53:02,Detection,40,MEDIUM
15-07-2026,17:53:02,Detection,40,MEDIUM
15-07-2026,17:53:03,Detection,40,MEDIUM
15-07-2026,17:53:03,Detection,40,MEDIUM
15-07-2026,17:53:03,Detection,40,MEDIUM
15-07-2026,17:53:03,Detection,40,MEDIUM
15-07-2026,17:53:03,Detection,40,MEDIUM
15-07-2026,17:53:03,Detection,40,MEDIUM
15-07-2026,17:53:04,Detection,40,MEDIUM
15-07-2026,17:53:04,Detection,40,MEDIUM
15-07-2026,17:53:04,Detection,40,MEDIUM
15-07-2026,17:53:04,Detection,40,MEDIUM
15-07-2026,17:53:04,Detection,40,MEDIUM
15-07-2026,17:53:04,Detection,40,MEDIUM
15-07-2026,17:53:04,Detection,40,MEDIUM
15-07-2026,17:53:04,Detection,40,MEDIUM
15-07-2026,17:53:05,Detection,40,MEDIUM
15-07-2026,17:53:05,Detection,40,MEDIUM
15-07-2026,17:53:05,Detection,40,MEDIUM
15-07-2026,17:53:05,Detection,40,MEDIUM
15-07-2026,17:53:05,Detection,40,MEDIUM
15-07-2026,17:53:05,Detection,40,MEDIUM
15-07-2026,17:53:05,Detection,40,MEDIUM
15-07-2026,17:53:05,Detection,40,MEDIUM
15-07-2026,17:53:05,Detection,40,MEDIUM
15-07-2026,17:53:06,Detection,40,MEDIUM
15-07-2026,17:53:06,Detection,40,MEDIUM
15-07-2026,17:53:06,Detection,40,MEDIUM
15-07-2026,17:53:06,Detection,40,MEDIUM
15-07-2026,17:53:06,Detection,40,MEDIUM
15-07-2026,17:53:06,Detection,40,MEDIUM
15-07-2026,17:53:06,Detection,40,MEDIUM
15-07-2026,17:53:06,Detection,40,MEDIUM
15-07-2026,17:53:07,Detection,40,MEDIUM
15-07-2026,17:53:07,Detection,40,MEDIUM
15-07-2026,17:53:07,Detection,40,MEDIUM
15-07-2026,17:53:07,Detection,40,MEDIUM
15-07-2026,17:53:07,Detection,40,MEDIUM
15-07-2026,17:53:07,Detection,40,MEDIUM
15-07-2026,17:53:07,Detection,40,MEDIUM
15-07-2026,17:53:08,Detection,40,MEDIUM
15-07-2026,17:53:08,Detection,40,MEDIUM
15-07-2026,17:53:08,Detection,40,MEDIUM
15-07-2026,17:53:08,Detection,40,MEDIUM
15-07-2026,17:53:08,Detection,40,MEDIUM
15-07-2026,17:53:08,Detection,40,MEDIUM
15-07-2026,17:53:08,Detection,40,MEDIUM
15-07-2026,17:53:08,Detection,40,MEDIUM
15-07-2026,17:53:09,Detection,40,MEDIUM
15-07-2026,17:53:09,Detection,40,MEDIUM
15-07-2026,17:53:09,Detection,40,MEDIUM
15-07-2026,17:53:09,Detection,40,MEDIUM
15-07-2026,17:53:09,Detection,40,MEDIUM
15-07-2026,17:53:09,Detection,40,MEDIUM
15-07-2026,17:53:13,Detection,40,MEDIUM
15-07-2026,17:53:13,Detection,40,MEDIUM
15-07-2026,17:53:13,Detection,40,MEDIUM
15-07-2026,17:53:13,Detection,40,MEDIUM
15-07-2026,17:53:13,Detection,40,MEDIUM
15-07-2026,17:53:14,Detection,40,MEDIUM
15-07-2026,17:53:14,Detection,40,MEDIUM
15-07-2026,17:53:14,Detection,40,MEDIUM
15-07-2026,17:53:14,Detection,40,MEDIUM
15-07-2026,17:53:14,Detection,40,MEDIUM
15-07-2026,17:53:14,Detection,40,MEDIUM
15-07-2026,17:53:14,Detection,40,MEDIUM
15-07-2026,17:53:14,Detection,40,MEDIUM
15-07-2026,17:53:15,Detection,40,MEDIUM
15-07-2026,17:53:15,Detection,40,MEDIUM
15-07-2026,17:53:15,Detection,40,MEDIUM
15-07-2026,17:53:15,Detection,40,MEDIUM
15-07-2026,17:53:15,Detection,40,MEDIUM
15-07-2026,17:53:15,Detection,40,MEDIUM
15-07-2026,17:53:15,Detection,40,MEDIUM
15-07-2026,17:53:16,Detection,40,MEDIUM
15-07-2026,17:53:16,Detection,40,MEDIUM
15-07-2026,17:53:16,Detection,40,MEDIUM
15-07-2026,17:53:17,Detection,40,MEDIUM
15-07-2026,17:53:18,Detection,40,MEDIUM
15-07-2026,17:53:18,Detection,40,MEDIUM
15-07-2026,17:53:19,Detection,40,MEDIUM
15-07-2026,17:53:20,Detection,40,MEDIUM
15-07-2026,17:53:22,Detection,40,MEDIUM
15-07-2026,17:53:22,Detection,40,MEDIUM
15-07-2026,17:53:23,Detection,40,MEDIUM
15-07-2026,17:53:23,Detection,40,MEDIUM
15-07-2026,17:53:24,Detection,40,MEDIUM
15-07-2026,17:53:24,Detection,40,MEDIUM
15-07-2026,17:53:24,Detection,40,MEDIUM
15-07-2026,17:53:25,Detection,40,MEDIUM
15-07-2026,17:53:25,Detection,40,MEDIUM
15-07-2026,17:53:25,Detection,40,MEDIUM
15-07-2026,17:53:26,Detection,40,MEDIUM
15-07-2026,17:53:26,Detection,40,MEDIUM
15-07-2026,17:53:27,Detection,40,MEDIUM
15-07-2026,17:53:28,Detection,40,MEDIUM
15-07-2026,17:53:28,Detection,40,MEDIUM
15-07-2026,17:53:29,Detection,40,MEDIUM
15-07-2026,17:53:29,Detection,40,MEDIUM
15-07-2026,17:53:29,Detection,40,MEDIUM
15-07-2026,17:53:29,Detection,40,MEDIUM
15-07-2026,17:53:30,Detection,40,MEDIUM
15-07-2026,17:53:30,Detection,40,MEDIUM
15-07-2026,17:53:30,Detection,40,MEDIUM
15-07-2026,17:53:31,Detection,40,MEDIUM
15-07-2026,17:53:32,Detection,40,MEDIUM
15-07-2026,17:53:33,Detection,40,MEDIUM
15-07-2026,17:53:33,Detection,40,MEDIUM
15-07-2026,17:53:34,Detection,40,MEDIUM
15-07-2026,17:53:34,Detection,40,MEDIUM
15-07-2026,17:53:34,Detection,40,MEDIUM
15-07-2026,17:53:34,Detection,40,MEDIUM
15-07-2026,17:53:34,Detection,40,MEDIUM
15-07-2026,17:53:34,Detection,40,MEDIUM
15-07-2026,17:53:35,Detection,40,MEDIUM
15-07-2026,17:53:35,Detection,40,MEDIUM
15-07-2026,17:53:35,Detection,40,MEDIUM
15-07-2026,17:53:35,Detection,40,MEDIUM
15-07-2026,17:53:35,Detection,40,MEDIUM
15-07-2026,17:53:35,Detection,40,MEDIUM
15-07-2026,17:53:35,Detection,40,MEDIUM
15-07-2026,17:53:36,Detection,40,MEDIUM
15-07-2026,17:53:36,Detection,40,MEDIUM
15-07-2026,17:53:36,Detection,40,MEDIUM
15-07-2026,17:53:36,Detection,40,MEDIUM
15-07-2026,17:53:36,Detection,40,MEDIUM
15-07-2026,17:53:36,Detection,40,MEDIUM
15-07-2026,17:53:36,Detection,40,MEDIUM
15-07-2026,17:53:36,Detection,40,MEDIUM
15-07-2026,17:53:37,Detection,40,MEDIUM
15-07-2026,17:53:37,Detection,40,MEDIUM
15-07-2026,17:53:38,Detection,40,MEDIUM
15-07-2026,17:53:38,Detection,40,MEDIUM
15-07-2026,17:53:39,Detection,40,MEDIUM
15-07-2026,17:53:39,Detection,40,MEDIUM
15-07-2026,17:53:39,Detection,40,MEDIUM
15-07-2026,17:53:39,Detection,40,MEDIUM
15-07-2026,17:53:39,Detection,40,MEDIUM
15-07-2026,17:53:39,Detection,40,MEDIUM
15-07-2026,17:53:40,Detection,40,MEDIUM
15-07-2026,17:53:40,Detection,40,MEDIUM
15-07-2026,17:53:40,Detection,40,MEDIUM
15-07-2026,17:53:40,Detection,40,MEDIUM
15-07-2026,17:53:41,Detection,40,MEDIUM
15-07-2026,17:53:41,Detection,40,MEDIUM
15-07-2026,17:53:41,Detection,40,MEDIUM
15-07-2026,17:53:41,Detection,40,MEDIUM
15-07-2026,17:53:41,Detection,40,MEDIUM
15-07-2026,17:53:41,Detection,40,MEDIUM
15-07-2026,17:53:42,Detection,40,MEDIUM
15-07-2026,17:53:42,Detection,40,MEDIUM
15-07-2026,17:53:42,Detection,40,MEDIUM
15-07-2026,17:53:42,Detection,40,MEDIUM
15-07-2026,17:53:43,Detection,40,MEDIUM
15-07-2026,17:53:43,Detection,40,MEDIUM
15-07-2026,17:53:43,Detection,40,MEDIUM
15-07-2026,17:53:44,Detection,40,MEDIUM
15-07-2026,17:53:46,Detection,40,MEDIUM
15-07-2026,17:53:48,Detection,40,MEDIUM
15-07-2026,17:53:50,Detection,40,MEDIUM
15-07-2026,17:53:50,Detection,40,MEDIUM
15-07-2026,17:53:51,Detection,40,MEDIUM
15-07-2026,17:53:51,Detection,40,MEDIUM
15-07-2026,17:53:51,Detection,40,MEDIUM
15-07-2026,17:53:52,Detection,40,MEDIUM
15-07-2026,17:53:53,Detection,40,MEDIUM
15-07-2026,17:53:53,Detection,40,MEDIUM
15-07-2026,17:53:54,Detection,40,MEDIUM
15-07-2026,17:53:55,Detection,40,MEDIUM
15-07-2026,17:53:55,Detection,40,MEDIUM
15-07-2026,17:53:55,Detection,40,MEDIUM
15-07-2026,17:53:56,Detection,40,MEDIUM
15-07-2026,17:53:56,Detection,40,MEDIUM
15-07-2026,17:53:56,Detection,40,MEDIUM
15-07-2026,17:53:56,Detection,40,MEDIUM
15-07-2026,17:53:57,Detection,40,MEDIUM
15-07-2026,17:53:58,Detection,40,MEDIUM
15-07-2026,17:53:58,Detection,40,MEDIUM
15-07-2026,17:53:59,Detection,40,MEDIUM
15-07-2026,17:54:00,Detection,40,MEDIUM
15-07-2026,17:54:01,Detection,40,MEDIUM
15-07-2026,17:54:02,Detection,40,MEDIUM
15-07-2026,17:54:02,Detection,40,MEDIUM
15-07-2026,17:54:02,Detection,40,MEDIUM
15-07-2026,17:54:02,Detection,40,MEDIUM
15-07-2026,17:54:03,Detection,40,MEDIUM
15-07-2026,17:54:03,Detection,40,MEDIUM
15-07-2026,17:54:04,Detection,40,MEDIUM
15-07-2026,17:54:04,Detection,40,MEDIUM
15-07-2026,17:54:05,Detection,40,MEDIUM
15-07-2026,17:54:05,Detection,40,MEDIUM
15-07-2026,17:54:05,Detection,40,MEDIUM
15-07-2026,17:54:05,Detection,40,MEDIUM
15-07-2026,17:54:06,Detection,40,MEDIUM
15-07-2026,17:54:07,Detection,40,MEDIUM
15-07-2026,17:54:07,Detection,40,MEDIUM
15-07-2026,17:54:08,Detection,40,MEDIUM
15-07-2026,17:54:08,Detection,40,MEDIUM
15-07-2026,17:54:09,Detection,40,MEDIUM
15-07-2026,17:54:09,Detection,40,MEDIUM
15-07-2026,17:54:10,Detection,40,MEDIUM
15-07-2026,17:54:10,Detection,40,MEDIUM
15-07-2026,17:54:11,Detection,40,MEDIUM
15-07-2026,17:54:11,Detection,40,MEDIUM
15-07-2026,17:54:11,Detection,40,MEDIUM
15-07-2026,17:54:12,Detection,40,MEDIUM
15-07-2026,17:54:12,Detection,40,MEDIUM
15-07-2026,17:54:13,Detection,40,MEDIUM
15-07-2026,17:54:13,Detection,40,MEDIUM
15-07-2026,17:54:13,Detection,40,MEDIUM
15-07-2026,17:59:24,Detection,40,MEDIUM
15-07-2026,17:59:24,Detection,40,MEDIUM
15-07-2026,17:59:24,Detection,40,MEDIUM
15-07-2026,17:59:24,Detection,40,MEDIUM
15-07-2026,17:59:24,Detection,40,MEDIUM
15-07-2026,17:59:24,Detection,40,MEDIUM
15-07-2026,17:59:24,Detection,40,MEDIUM
15-07-2026,17:59:25,Detection,40,MEDIUM
15-07-2026,17:59:25,Detection,40,MEDIUM
15-07-2026,17:59:25,Detection,40,MEDIUM
15-07-2026,17:59:25,Detection,40,MEDIUM
15-07-2026,17:59:25,Detection,40,MEDIUM
15-07-2026,17:59:25,Detection,40,MEDIUM
15-07-2026,17:59:26,Detection,40,MEDIUM
15-07-2026,17:59:26,Detection,40,MEDIUM
15-07-2026,17:59:26,Detection,40,MEDIUM
15-07-2026,17:59:26,Detection,40,MEDIUM
15-07-2026,17:59:26,Detection,40,MEDIUM
15-07-2026,17:59:26,Detection,40,MEDIUM
15-07-2026,17:59:26,Detection,40,MEDIUM
15-07-2026,17:59:26,Detection,40,MEDIUM
15-07-2026,17:59:27,Detection,40,MEDIUM
15-07-2026,17:59:27,Detection,40,MEDIUM
15-07-2026,17:59:27,Detection,40,MEDIUM
15-07-2026,17:59:27,Detection,40,MEDIUM
15-07-2026,17:59:27,Detection,40,MEDIUM
15-07-2026,17:59:27,Detection,40,MEDIUM
15-07-2026,17:59:27,Detection,40,MEDIUM
15-07-2026,17:59:28,Detection,40,MEDIUM
15-07-2026,17:59:28,Detection,40,MEDIUM
15-07-2026,17:59:28,Detection,40,MEDIUM
15-07-2026,17:59:28,Detection,40,MEDIUM
15-07-2026,17:59:28,Detection,40,MEDIUM
15-07-2026,17:59:28,Detection,40,MEDIUM
15-07-2026,17:59:28,Detection,40,MEDIUM
15-07-2026,17:59:28,Detection,40,MEDIUM
15-07-2026,17:59:29,Detection,40,MEDIUM
15-07-2026,17:59:29,Detection,40,MEDIUM
15-07-2026,17:59:29,Detection,40,MEDIUM
15-07-2026,17:59:29,Detection,40,MEDIUM
15-07-2026,17:59:29,Detection,80,CRITICAL
15-07-2026,17:59:29,Detection,80,CRITICAL
15-07-2026,17:59:29,Detection,100,CRITICAL
15-07-2026,17:59:29,Detection,80,CRITICAL
15-07-2026,17:59:30,Detection,80,CRITICAL
15-07-2026,17:59:30,Detection,100,CRITICAL
15-07-2026,17:59:30,Detection,100,CRITICAL
15-07-2026,17:59:30,Detection,100,CRITICAL
15-07-2026,17:59:30,Detection,100,CRITICAL
15-07-2026,17:59:30,Detection,80,CRITICAL
15-07-2026,17:59:30,Detection,80,CRITICAL
15-07-2026,17:59:30,Detection,80,CRITICAL
15-07-2026,17:59:31,Detection,100,CRITICAL
15-07-2026,17:59:31,Detection,80,CRITICAL
15-07-2026,17:59:31,Detection,80,CRITICAL
15-07-2026,17:59:31,Detection,40,MEDIUM
15-07-2026,17:59:31,Detection,80,CRITICAL
15-07-2026,17:59:31,Detection,80,CRITICAL
15-07-2026,17:59:31,Detection,80,CRITICAL
15-07-2026,17:59:32,Detection,80,CRITICAL
15-07-2026,17:59:32,Detection,40,MEDIUM
15-07-2026,17:59:32,Detection,40,MEDIUM
15-07-2026,17:59:32,Detection,40,MEDIUM
15-07-2026,17:59:32,Detection,40,MEDIUM
15-07-2026,17:59:32,Detection,40,MEDIUM
15-07-2026,17:59:32,Detection,40,MEDIUM
15-07-2026,17:59:32,Detection,40,MEDIUM
15-07-2026,17:59:33,Detection,40,MEDIUM
15-07-2026,17:59:33,Detection,40,MEDIUM
15-07-2026,17:59:33,Detection,40,MEDIUM
15-07-2026,17:59:33,Detection,40,MEDIUM
15-07-2026,17:59:33,Detection,40,MEDIUM
15-07-2026,17:59:33,Detection,40,MEDIUM
15-07-2026,17:59:33,Detection,40,MEDIUM
15-07-2026,17:59:34,Detection,40,MEDIUM
15-07-2026,17:59:34,Detection,40,MEDIUM
15-07-2026,17:59:34,Detection,40,MEDIUM
15-07-2026,17:59:34,Detection,40,MEDIUM
15-07-2026,17:59:34,Detection,40,MEDIUM
15-07-2026,17:59:34,Detection,40,MEDIUM
15-07-2026,17:59:34,Detection,40,MEDIUM
15-07-2026,17:59:34,Detection,40,MEDIUM
15-07-2026,17:59:35,Detection,40,MEDIUM
15-07-2026,17:59:35,Detection,40,MEDIUM
15-07-2026,17:59:35,Detection,40,MEDIUM
15-07-2026,17:59:35,Detection,40,MEDIUM
15-07-2026,17:59:35,Detection,40,MEDIUM
15-07-2026,17:59:35,Detection,40,MEDIUM
15-07-2026,17:59:35,Detection,40,MEDIUM
15-07-2026,17:59:35,Detection,40,MEDIUM
15-07-2026,17:59:36,Detection,40,MEDIUM
15-07-2026,17:59:36,Detection,40,MEDIUM
15-07-2026,17:59:36,Detection,40,MEDIUM
15-07-2026,17:59:36,Detection,40,MEDIUM
15-07-2026,17:59:36,Detection,40,MEDIUM
15-07-2026,17:59:36,Detection,80,CRITICAL
15-07-2026,17:59:36,Detection,80,CRITICAL
15-07-2026,17:59:36,Detection,40,MEDIUM
15-07-2026,17:59:36,Detection,40,MEDIUM
15-07-2026,17:59:37,Detection,40,MEDIUM
15-07-2026,17:59:37,Detection,40,MEDIUM
15-07-2026,17:59:37,Detection,40,MEDIUM
15-07-2026,17:59:37,Detection,40,MEDIUM
15-07-2026,17:59:37,Detection,40,MEDIUM
15-07-2026,17:59:37,Detection,40,MEDIUM
15-07-2026,17:59:37,Detection,80,CRITICAL
15-07-2026,17:59:37,Detection,80,CRITICAL
15-07-2026,17:59:38,Detection,100,CRITICAL
15-07-2026,17:59:38,Detection,80,CRITICAL
15-07-2026,17:59:38,Detection,40,MEDIUM
15-07-2026,17:59:38,Detection,40,MEDIUM
15-07-2026,17:59:38,Detection,0,SAFE
15-07-2026,17:59:38,Detection,40,MEDIUM
15-07-2026,17:59:38,Detection,40,MEDIUM
15-07-2026,17:59:39,Detection,40,MEDIUM
15-07-2026,17:59:39,Detection,80,CRITICAL
15-07-2026,17:59:39,Detection,80,CRITICAL
15-07-2026,17:59:39,Detection,80,CRITICAL
15-07-2026,17:59:39,Detection,40,MEDIUM
15-07-2026,17:59:39,Detection,80,CRITICAL
15-07-2026,17:59:39,Detection,40,MEDIUM
15-07-2026,17:59:39,Detection,80,CRITICAL
15-07-2026,17:59:40,Detection,80,CRITICAL
15-07-2026,17:59:40,Detection,80,CRITICAL
15-07-2026,17:59:40,Detection,80,CRITICAL
15-07-2026,17:59:40,Detection,40,MEDIUM
15-07-2026,17:59:40,Detection,80,CRITICAL
15-07-2026,17:59:40,Detection,80,CRITICAL
15-07-2026,17:59:40,Detection,80,CRITICAL
15-07-2026,17:59:40,Detection,40,MEDIUM
15-07-2026,17:59:40,Detection,80,CRITICAL
15-07-2026,17:59:41,Detection,80,CRITICAL
15-07-2026,17:59:41,Detection,40,MEDIUM
15-07-2026,17:59:41,Detection,40,MEDIUM
15-07-2026,17:59:41,Detection,40,MEDIUM
15-07-2026,17:59:41,Detection,40,MEDIUM
15-07-2026,17:59:41,Detection,40,MEDIUM
15-07-2026,17:59:41,Detection,80,CRITICAL
15-07-2026,17:59:42,Detection,40,MEDIUM
15-07-2026,17:59:42,Detection,40,MEDIUM
15-07-2026,17:59:42,Detection,40,MEDIUM
15-07-2026,17:59:42,Detection,40,MEDIUM
15-07-2026,17:59:42,Detection,80,CRITICAL
15-07-2026,17:59:42,Detection,0,SAFE
15-07-2026,17:59:42,Detection,80,CRITICAL
15-07-2026,17:59:42,Detection,0,SAFE
15-07-2026,17:59:43,Detection,80,CRITICAL
15-07-2026,17:59:43,Detection,80,CRITICAL
15-07-2026,17:59:43,Detection,40,MEDIUM
15-07-2026,17:59:43,Detection,80,CRITICAL
15-07-2026,17:59:43,Detection,80,CRITICAL
15-07-2026,17:59:43,Detection,40,MEDIUM
15-07-2026,17:59:43,Detection,80,CRITICAL
15-07-2026,17:59:43,Detection,40,MEDIUM
15-07-2026,17:59:44,Detection,40,MEDIUM
15-07-2026,17:59:44,Detection,40,MEDIUM
15-07-2026,17:59:44,Detection,40,MEDIUM
15-07-2026,17:59:44,Detection,40,MEDIUM
15-07-2026,17:59:44,Detection,40,MEDIUM
15-07-2026,17:59:44,Detection,40,MEDIUM
15-07-2026,17:59:45,Detection,40,MEDIUM
15-07-2026,17:59:45,Detection,40,MEDIUM
15-07-2026,17:59:45,Detection,80,CRITICAL
15-07-2026,17:59:45,Detection,80,CRITICAL
15-07-2026,17:59:45,Detection,40,MEDIUM
15-07-2026,17:59:45,Detection,40,MEDIUM
15-07-2026,17:59:45,Detection,40,MEDIUM
15-07-2026,17:59:46,Detection,80,CRITICAL
15-07-2026,17:59:46,Detection,40,MEDIUM
15-07-2026,17:59:46,Detection,80,CRITICAL
15-07-2026,17:59:46,Detection,40,MEDIUM
15-07-2026,17:59:46,Detection,40,MEDIUM
15-07-2026,17:59:46,Detection,40,MEDIUM
15-07-2026,17:59:46,Detection,40,MEDIUM
15-07-2026,17:59:47,Detection,80,CRITICAL
15-07-2026,17:59:47,Detection,80,CRITICAL
15-07-2026,17:59:47,Detection,80,CRITICAL
15-07-2026,17:59:47,Detection,80,CRITICAL
15-07-2026,17:59:47,Detection,80,CRITICAL
15-07-2026,17:59:47,Detection,80,CRITICAL
15-07-2026,17:59:47,Detection,80,CRITICAL
15-07-2026,17:59:47,Detection,40,MEDIUM
15-07-2026,17:59:48,Detection,40,MEDIUM
15-07-2026,17:59:48,Detection,40,MEDIUM
15-07-2026,17:59:48,Detection,80,CRITICAL
15-07-2026,17:59:48,Detection,80,CRITICAL
15-07-2026,17:59:48,Detection,80,CRITICAL
15-07-2026,17:59:48,Detection,80,CRITICAL
15-07-2026,17:59:48,Detection,80,CRITICAL
15-07-2026,17:59:48,Detection,80,CRITICAL
15-07-2026,17:59:49,Detection,80,CRITICAL
15-07-2026,17:59:49,Detection,80,CRITICAL
15-07-2026,17:59:49,Detection,80,CRITICAL
15-07-2026,17:59:49,Detection,80,CRITICAL
15-07-2026,17:59:49,Detection,80,CRITICAL
15-07-2026,17:59:49,Detection,40,MEDIUM
15-07-2026,17:59:49,Detection,40,MEDIUM
15-07-2026,17:59:50,Detection,40,MEDIUM
15-07-2026,17:59:50,Detection,0,SAFE
15-07-2026,17:59:50,Detection,0,SAFE
15-07-2026,17:59:50,Detection,0,SAFE
15-07-2026,17:59:50,Detection,40,MEDIUM
15-07-2026,17:59:50,Detection,0,SAFE
15-07-2026,17:59:50,Detection,40,MEDIUM
15-07-2026,17:59:50,Detection,40,MEDIUM
15-07-2026,17:59:51,Detection,40,MEDIUM
15-07-2026,17:59:51,Detection,40,MEDIUM
15-07-2026,17:59:51,Detection,40,MEDIUM
15-07-2026,17:59:51,Detection,40,MEDIUM
15-07-2026,17:59:51,Detection,40,MEDIUM
15-07-2026,17:59:51,Detection,80,CRITICAL
15-07-2026,17:59:51,Detection,80,CRITICAL
15-07-2026,17:59:51,Detection,80,CRITICAL
15-07-2026,17:59:52,Detection,80,CRITICAL
15-07-2026,17:59:52,Detection,80,CRITICAL
15-07-2026,17:59:52,Detection,40,MEDIUM
15-07-2026,17:59:52,Detection,40,MEDIUM
15-07-2026,17:59:52,Detection,40,MEDIUM
15-07-2026,17:59:52,Detection,40,MEDIUM
15-07-2026,17:59:52,Detection,40,MEDIUM
15-07-2026,17:59:53,Detection,40,MEDIUM
15-07-2026,17:59:53,Detection,40,MEDIUM
15-07-2026,17:59:53,Detection,40,MEDIUM
15-07-2026,17:59:53,Detection,40,MEDIUM
15-07-2026,17:59:53,Detection,40,MEDIUM
15-07-2026,17:59:53,Detection,40,MEDIUM
15-07-2026,17:59:53,Detection,40,MEDIUM
15-07-2026,17:59:53,Detection,40,MEDIUM
15-07-2026,17:59:54,Detection,40,MEDIUM
15-07-2026,17:59:54,Detection,40,MEDIUM
15-07-2026,17:59:54,Detection,40,MEDIUM
15-07-2026,17:59:54,Detection,40,MEDIUM
15-07-2026,17:59:54,Detection,40,MEDIUM
15-07-2026,17:59:54,Detection,40,MEDIUM
15-07-2026,17:59:54,Detection,40,MEDIUM
15-07-2026,17:59:54,Detection,40,MEDIUM
15-07-2026,17:59:55,Detection,40,MEDIUM
15-07-2026,17:59:55,Detection,40,MEDIUM
15-07-2026,17:59:55,Detection,40,MEDIUM
15-07-2026,17:59:55,Detection,40,MEDIUM
15-07-2026,17:59:55,Detection,40,MEDIUM
15-07-2026,17:59:55,Detection,40,MEDIUM
15-07-2026,17:59:55,Detection,40,MEDIUM
15-07-2026,17:59:55,Detection,40,MEDIUM
15-07-2026,17:59:56,Detection,40,MEDIUM
15-07-2026,17:59:56,Detection,40,MEDIUM
15-07-2026,17:59:56,Detection,40,MEDIUM
15-07-2026,17:59:56,Detection,40,MEDIUM
15-07-2026,17:59:56,Detection,40,MEDIUM
15-07-2026,17:59:56,Detection,40,MEDIUM
15-07-2026,17:59:56,Detection,40,MEDIUM
15-07-2026,17:59:56,Detection,40,MEDIUM
15-07-2026,17:59:57,Detection,40,MEDIUM
15-07-2026,17:59:57,Detection,40,MEDIUM
15-07-2026,17:59:57,Detection,40,MEDIUM
15-07-2026,17:59:57,Detection,40,MEDIUM
15-07-2026,17:59:57,Detection,40,MEDIUM
15-07-2026,17:59:57,Detection,40,MEDIUM
15-07-2026,17:59:57,Detection,40,MEDIUM
15-07-2026,17:59:58,Detection,40,MEDIUM
15-07-2026,17:59:58,Detection,40,MEDIUM
15-07-2026,17:59:58,Detection,40,MEDIUM
15-07-2026,17:59:58,Detection,40,MEDIUM
15-07-2026,17:59:58,Detection,40,MEDIUM
15-07-2026,17:59:58,Detection,40,MEDIUM
15-07-2026,17:59:58,Detection,40,MEDIUM
15-07-2026,17:59:58,Detection,40,MEDIUM
15-07-2026,17:59:59,Detection,40,MEDIUM
15-07-2026,17:59:59,Detection,40,MEDIUM
15-07-2026,17:59:59,Detection,40,MEDIUM
15-07-2026,17:59:59,Detection,40,MEDIUM
15-07-2026,17:59:59,Detection,40,MEDIUM
15-07-2026,17:59:59,Detection,40,MEDIUM
15-07-2026,17:59:59,Detection,40,MEDIUM
15-07-2026,18:00:00,Detection,40,MEDIUM
15-07-2026,18:00:00,Detection,40,MEDIUM
15-07-2026,18:00:00,Detection,40,MEDIUM
15-07-2026,18:00:00,Detection,40,MEDIUM
15-07-2026,18:00:00,Detection,40,MEDIUM
15-07-2026,18:00:01,Detection,40,MEDIUM
15-07-2026,18:00:01,Detection,40,MEDIUM
15-07-2026,18:00:01,Detection,40,MEDIUM
15-07-2026,18:00:01,Detection,40,MEDIUM
15-07-2026,18:00:01,Detection,40,MEDIUM
15-07-2026,18:00:01,Detection,40,MEDIUM
15-07-2026,18:00:01,Detection,40,MEDIUM
15-07-2026,18:00:02,Detection,40,MEDIUM
15-07-2026,18:00:02,Detection,40,MEDIUM
15-07-2026,18:00:02,Detection,40,MEDIUM
15-07-2026,18:00:02,Detection,40,MEDIUM
15-07-2026,18:00:02,Detection,40,MEDIUM
15-07-2026,18:00:02,Detection,40,MEDIUM
15-07-2026,18:00:02,Detection,40,MEDIUM
15-07-2026,18:00:03,Detection,40,MEDIUM
15-07-2026,18:00:03,Detection,40,MEDIUM
15-07-2026,18:00:03,Detection,40,MEDIUM
15-07-2026,18:00:03,Detection,40,MEDIUM
15-07-2026,18:00:03,Detection,40,MEDIUM
15-07-2026,18:00:03,Detection,40,MEDIUM
15-07-2026,18:00:04,Detection,40,MEDIUM
15-07-2026,18:00:04,Detection,40,MEDIUM
15-07-2026,18:39:46,Detection,80,CRITICAL
15-07-2026,18:39:50,Detection,100,CRITICAL
15-07-2026,18:39:51,Detection,80,CRITICAL
15-07-2026,18:39:51,Detection,80,CRITICAL
15-07-2026,18:39:51,Detection,80,CRITICAL
15-07-2026,18:39:51,Detection,80,CRITICAL
15-07-2026,18:39:52,Detection,80,CRITICAL
15-07-2026,18:39:52,Detection,100,CRITICAL
15-07-2026,18:39:52,Detection,80,CRITICAL
15-07-2026,18:39:53,Detection,80,CRITICAL
15-07-2026,18:39:53,Detection,80,CRITICAL
15-07-2026,18:39:53,Detection,80,CRITICAL
15-07-2026,18:39:53,Detection,80,CRITICAL
15-07-2026,18:39:54,Detection,80,CRITICAL
15-07-2026,18:39:54,Detection,80,CRITICAL
15-07-2026,18:39:54,Detection,80,CRITICAL
15-07-2026,18:39:54,Detection,80,CRITICAL
15-07-2026,18:39:54,Detection,80,CRITICAL
15-07-2026,18:39:55,Detection,80,CRITICAL
15-07-2026,18:39:55,Detection,80,CRITICAL
